iteration	n_valid	median_rho	prop_gt_0.3	prop_gt_0.4	prop_gt_0.5	prop_gt_0.6	prop_gt_0.7
1	294	0.0363883757736704	0.36734693877551	0.340136054421769	0.224489795918367	0.214285714285714	0.19047619047619
2	302	0.201031036307983	0.433774834437086	0.400662251655629	0.245033112582781	0.235099337748344	0.195364238410596
3	294	0	0.384353741496599	0.346938775510204	0.241496598639456	0.227891156462585	0.204081632653061
4	308	0.0559064540687028	0.392857142857143	0.36038961038961	0.227272727272727	0.217532467532468	0.181818181818182
5	268	0.131365032914896	0.402985074626866	0.369402985074627	0.261194029850746	0.253731343283582	0.212686567164179
6	283	0.0669872981077806	0.402826855123675	0.356890459363958	0.23321554770318	0.222614840989399	0.180212014134276
7	271	0.0357142857142857	0.372693726937269	0.339483394833948	0.25830258302583	0.239852398523985	0.202952029520295
8	319	0.0669872981077806	0.394984326018809	0.373040752351097	0.272727272727273	0.260188087774295	0.210031347962382
9	314	0	0.39171974522293	0.363057324840764	0.232484076433121	0.207006369426752	0.181528662420382
10	278	0.0959430584957905	0.377697841726619	0.330935251798561	0.219424460431655	0.20863309352518	0.179856115107914
11	302	0	0.380794701986755	0.357615894039735	0.251655629139073	0.235099337748344	0.208609271523179
12	298	0.135464477788477	0.422818791946309	0.385906040268456	0.241610738255034	0.231543624161074	0.218120805369128
13	289	0	0.377162629757785	0.346020761245675	0.231833910034602	0.207612456747405	0.176470588235294
14	299	0.0458758547680685	0.377926421404682	0.354515050167224	0.224080267558528	0.217391304347826	0.20066889632107
15	282	0.125	0.411347517730496	0.386524822695035	0.219858156028369	0.195035460992908	0.159574468085106
16	304	0	0.322368421052632	0.296052631578947	0.210526315789474	0.190789473684211	0.171052631578947
17	283	0.129099444873581	0.409893992932862	0.381625441696113	0.250883392226148	0.243816254416961	0.19434628975265
18	296	0.202062072615966	0.439189189189189	0.39527027027027	0.277027027027027	0.27027027027027	0.226351351351351
19	303	0	0.366336633663366	0.34983498349835	0.214521452145215	0.198019801980198	0.178217821782178
20	306	0.134230651593223	0.392156862745098	0.356209150326797	0.225490196078431	0.205882352941176	0.186274509803922
21	317	0.138812602500835	0.410094637223975	0.38801261829653	0.287066246056782	0.271293375394322	0.236593059936909
22	296	0.0669872981077806	0.39527027027027	0.371621621621622	0.253378378378378	0.243243243243243	0.199324324324324
23	294	0.0954573307044082	0.41156462585034	0.391156462585034	0.238095238095238	0.224489795918367	0.197278911564626
24	312	0	0.403846153846154	0.362179487179487	0.25	0.240384615384615	0.208333333333333
25	301	0.214285714285714	0.448504983388704	0.418604651162791	0.252491694352159	0.239202657807309	0.196013289036545
26	291	0.2	0.439862542955327	0.395189003436426	0.274914089347079	0.240549828178694	0.206185567010309
27	300	0.0492569003899438	0.423333333333333	0.403333333333333	0.27	0.253333333333333	0.23
28	288	0	0.368055555555556	0.329861111111111	0.222222222222222	0.204861111111111	0.180555555555556
29	291	0	0.384879725085911	0.353951890034364	0.230240549828179	0.192439862542955	0.171821305841924
30	319	0	0.326018808777429	0.294670846394984	0.197492163009404	0.175548589341693	0.15987460815047
31	290	0.0669872981077806	0.379310344827586	0.358620689655172	0.251724137931035	0.237931034482759	0.213793103448276
32	284	0.0565747111773971	0.404929577464789	0.359154929577465	0.232394366197183	0.21830985915493	0.169014084507042
33	293	0.122706230695671	0.412969283276451	0.382252559726962	0.228668941979522	0.215017064846416	0.187713310580205
34	311	0.137298334620742	0.414790996784566	0.369774919614148	0.254019292604502	0.237942122186495	0.202572347266881
35	322	0.183012701892219	0.422360248447205	0.385093167701863	0.263975155279503	0.257763975155279	0.22360248447205
36	297	0.183012701892219	0.424242424242424	0.383838383838384	0.276094276094276	0.249158249158249	0.218855218855219
37	311	0.0555555555555555	0.395498392282958	0.363344051446945	0.254019292604502	0.237942122186495	0.221864951768489
38	279	0	0.354838709677419	0.326164874551971	0.225806451612903	0.204301075268817	0.186379928315412
39	318	0.0222717701593687	0.389937106918239	0.367924528301887	0.238993710691824	0.20440251572327	0.176100628930818
40	306	0.106887218098411	0.395424836601307	0.359477124183007	0.222222222222222	0.19281045751634	0.166666666666667
41	315	0.0330127018922193	0.380952380952381	0.358730158730159	0.257142857142857	0.241269841269841	0.20952380952381
42	289	0	0.418685121107266	0.370242214532872	0.262975778546713	0.249134948096886	0.204152249134948
43	294	0.0669013042929434	0.404761904761905	0.36734693877551	0.275510204081633	0.26530612244898	0.238095238095238
44	309	0.0330127018922193	0.388349514563107	0.359223300970874	0.236245954692557	0.220064724919094	0.197411003236246
45	273	0.0669872981077806	0.399267399267399	0.355311355311355	0.245421245421245	0.21978021978022	0.194139194139194
46	305	0.2	0.429508196721311	0.40655737704918	0.255737704918033	0.245901639344262	0.216393442622951
47	276	0.0480098280798587	0.394927536231884	0.365942028985507	0.239130434782609	0.228260869565217	0.199275362318841
48	292	0.0470167874012553	0.345890410958904	0.321917808219178	0.208904109589041	0.188356164383562	0.174657534246575
49	294	0.163756920791489	0.445578231292517	0.428571428571429	0.292517006802721	0.27891156462585	0.258503401360544
50	320	0.0524113238697051	0.38125	0.35625	0.24375	0.2375	0.2
51	277	0	0.36101083032491	0.32129963898917	0.205776173285199	0.194945848375451	0.169675090252708
52	287	0.0186712562962508	0.400696864111498	0.365853658536585	0.24390243902439	0.226480836236934	0.212543554006969
53	292	0.230409255338946	0.462328767123288	0.431506849315069	0.26027397260274	0.23972602739726	0.219178082191781
54	293	0.105409255338946	0.395904436860068	0.36518771331058	0.255972696245734	0.242320819112628	0.215017064846416
55	300	0.189720636660395	0.43	0.41	0.283333333333333	0.276666666666667	0.236666666666667
56	298	0.0908716226100562	0.399328859060403	0.348993288590604	0.241610738255034	0.221476510067114	0.204697986577181
57	297	0.0681818181818182	0.393939393939394	0.37037037037037	0.228956228956229	0.202020202020202	0.181818181818182
58	294	0	0.329931972789116	0.302721088435374	0.200680272108844	0.197278911564626	0.170068027210884
59	306	0	0.352941176470588	0.326797385620915	0.218954248366013	0.212418300653595	0.173202614379085
60	290	0.123720978077449	0.427586206896552	0.389655172413793	0.255172413793103	0.23448275862069	0.213793103448276
61	295	0	0.376271186440678	0.355932203389831	0.24406779661017	0.230508474576271	0.210169491525424
62	301	0	0.385382059800665	0.372093023255814	0.252491694352159	0.235880398671096	0.212624584717608
63	294	0.100765559348045	0.408163265306122	0.387755102040816	0.261904761904762	0.244897959183673	0.224489795918367
64	314	0	0.369426751592357	0.337579617834395	0.232484076433121	0.197452229299363	0.168789808917197
65	298	0.111906388245185	0.422818791946309	0.406040268456376	0.275167785234899	0.26510067114094	0.214765100671141
66	304	0	0.381578947368421	0.358552631578947	0.263157894736842	0.240131578947368	0.213815789473684
67	327	0.0178571428571428	0.385321100917431	0.357798165137615	0.241590214067278	0.229357798165138	0.198776758409786
68	297	0.2	0.420875420875421	0.397306397306397	0.2996632996633	0.265993265993266	0.232323232323232
69	306	0	0.392156862745098	0.352941176470588	0.245098039215686	0.222222222222222	0.186274509803922
70	294	0.0636313486024301	0.414965986394558	0.377551020408163	0.285714285714286	0.272108843537415	0.238095238095238
71	306	0.0861982767233633	0.42483660130719	0.401960784313726	0.313725490196078	0.284313725490196	0.228758169934641
72	273	0.0374574785652649	0.421245421245421	0.380952380952381	0.271062271062271	0.252747252747253	0.216117216117216
73	276	0.207471327954912	0.449275362318841	0.423913043478261	0.322463768115942	0.293478260869565	0.235507246376812
74	314	0	0.356687898089172	0.340764331210191	0.235668789808917	0.226114649681529	0.194267515923567
75	304	0.125902837784626	0.421052631578947	0.378289473684211	0.236842105263158	0.223684210526316	0.190789473684211
76	287	0.198206241793023	0.421602787456446	0.418118466898955	0.303135888501742	0.278745644599303	0.229965156794425
77	308	0.0990327099607918	0.392857142857143	0.366883116883117	0.26948051948052	0.253246753246753	0.198051948051948
78	292	0.130490376393284	0.417808219178082	0.38013698630137	0.291095890410959	0.27054794520548	0.246575342465753
79	294	0.2	0.445578231292517	0.408163265306122	0.295918367346939	0.27891156462585	0.251700680272109
80	317	0.183012701892219	0.416403785488959	0.375394321766562	0.274447949526814	0.261829652996845	0.22397476340694
81	282	0.205047802724853	0.450354609929078	0.421985815602837	0.283687943262411	0.269503546099291	0.234042553191489
82	296	0.130002282658206	0.391891891891892	0.364864864864865	0.222972972972973	0.192567567567568	0.179054054054054
83	302	0.0451289537951075	0.374172185430464	0.33112582781457	0.235099337748344	0.221854304635762	0.205298013245033
84	293	0	0.361774744027304	0.337883959044369	0.215017064846416	0.204778156996587	0.187713310580205
85	299	0.179857745453082	0.454849498327759	0.421404682274248	0.264214046822743	0.244147157190635	0.217391304347826
86	290	0.19150635094611	0.455172413793104	0.417241379310345	0.317241379310345	0.296551724137931	0.241379310344828
87	274	0.112464596743263	0.408759124087591	0.397810218978102	0.266423357664234	0.255474452554745	0.218978102189781
88	328	0.147460207934281	0.405487804878049	0.384146341463415	0.26219512195122	0.237804878048781	0.198170731707317
89	274	0.13545027756321	0.434306569343066	0.405109489051095	0.288321167883212	0.277372262773723	0.222627737226277
90	314	0.123515899951899	0.420382165605096	0.353503184713376	0.254777070063694	0.24203821656051	0.219745222929936
91	299	0	0.357859531772575	0.321070234113712	0.210702341137124	0.20066889632107	0.177257525083612
92	278	0.0514861992201124	0.402877697841727	0.381294964028777	0.262589928057554	0.241007194244604	0.219424460431655
93	292	0.127293769304329	0.438356164383562	0.414383561643836	0.26027397260274	0.229452054794521	0.219178082191781
94	304	0.142008893884199	0.414473684210526	0.388157894736842	0.259868421052632	0.240131578947368	0.194078947368421
95	306	0.202062072615966	0.450980392156863	0.418300653594771	0.297385620915033	0.274509803921569	0.261437908496732
96	291	0	0.384879725085911	0.34020618556701	0.233676975945017	0.219931271477663	0.189003436426117
97	303	0.0669872981077806	0.382838283828383	0.343234323432343	0.234323432343234	0.204620462046205	0.184818481848185
98	309	0.158248290463863	0.41747572815534	0.375404530744337	0.258899676375405	0.229773462783172	0.203883495145631
99	293	0.0669872981077806	0.406143344709898	0.372013651877133	0.26962457337884	0.245733788395904	0.228668941979522
100	283	0.204124145231932	0.452296819787986	0.42756183745583	0.27208480565371	0.254416961130742	0.212014134275618
101	280	0.0351009456467402	0.353571428571429	0.325	0.217857142857143	0.192857142857143	0.175
102	281	0.133630620956212	0.409252669039146	0.373665480427046	0.270462633451957	0.249110320284698	0.195729537366548
103	299	0.0979379273840343	0.411371237458194	0.384615384615385	0.280936454849498	0.260869565217391	0.230769230769231
104	305	0.183012701892219	0.426229508196721	0.4	0.265573770491803	0.239344262295082	0.20655737704918
105	296	0	0.378378378378378	0.35472972972973	0.239864864864865	0.233108108108108	0.195945945945946
106	288	0.0474112830911091	0.388888888888889	0.364583333333333	0.225694444444444	0.208333333333333	0.173611111111111
107	290	0	0.379310344827586	0.351724137931035	0.23448275862069	0.220689655172414	0.186206896551724
108	274	0.211324073555986	0.45985401459854	0.430656934306569	0.328467153284672	0.306569343065693	0.266423357664234
109	298	0.0593687173877802	0.39261744966443	0.36241610738255	0.25503355704698	0.24496644295302	0.208053691275168
110	310	0.183012701892219	0.432258064516129	0.403225806451613	0.280645161290323	0.261290322580645	0.229032258064516
111	282	0.027751905643393	0.382978723404255	0.343971631205674	0.25177304964539	0.24113475177305	0.212765957446809
112	295	0.25	0.420338983050847	0.406779661016949	0.261016949152542	0.240677966101695	0.196610169491525
113	285	0	0.378947368421053	0.354385964912281	0.231578947368421	0.217543859649123	0.196491228070175
114	288	0.0022937693043289	0.402777777777778	0.375	0.25	0.239583333333333	0.211805555555556
115	300	0.154548519124265	0.436666666666667	0.36	0.226666666666667	0.216666666666667	0.183333333333333
116	275	0	0.370909090909091	0.349090909090909	0.232727272727273	0.218181818181818	0.181818181818182
117	309	0.0844945445768016	0.394822006472492	0.375404530744337	0.262135922330097	0.249190938511327	0.220064724919094
118	295	0.138641149203157	0.410169491525424	0.396610169491525	0.271186440677966	0.254237288135593	0.227118644067797
119	302	0	0.377483443708609	0.367549668874172	0.258278145695364	0.241721854304636	0.218543046357616
120	287	0	0.379790940766551	0.355400696864112	0.24390243902439	0.226480836236934	0.184668989547038
121	287	0.25	0.484320557491289	0.452961672473868	0.313588850174216	0.29616724738676	0.250871080139373
122	291	0	0.374570446735395	0.360824742268041	0.237113402061856	0.230240549828179	0.199312714776632
123	302	0	0.321192052980132	0.281456953642384	0.201986754966887	0.19205298013245	0.172185430463576
124	273	0.05	0.402930402930403	0.366300366300366	0.21978021978022	0.212454212454212	0.194139194139194
125	304	0	0.394736842105263	0.358552631578947	0.259868421052632	0.240131578947368	0.197368421052632
126	289	0.0669872981077806	0.394463667820069	0.356401384083045	0.224913494809689	0.211072664359862	0.200692041522491
127	301	0	0.372093023255814	0.355481727574751	0.252491694352159	0.232558139534884	0.199335548172757
128	291	0.109715780937078	0.415807560137457	0.378006872852234	0.243986254295533	0.230240549828179	0.195876288659794
129	292	0	0.393835616438356	0.366438356164384	0.212328767123288	0.191780821917808	0.167808219178082
130	286	0	0.412587412587413	0.377622377622378	0.230769230769231	0.202797202797203	0.185314685314685
131	285	0	0.410526315789474	0.392982456140351	0.273684210526316	0.266666666666667	0.235087719298246
132	298	0	0.375838926174497	0.348993288590604	0.218120805369128	0.204697986577181	0.177852348993289
133	278	0.0478571836357388	0.381294964028777	0.345323741007194	0.223021582733813	0.20863309352518	0.172661870503597
134	300	0.174499918328411	0.426666666666667	0.39	0.26	0.24	0.223333333333333
135	301	0	0.375415282392027	0.332225913621262	0.205980066445183	0.18936877076412	0.162790697674419
136	288	0	0.340277777777778	0.305555555555556	0.194444444444444	0.180555555555556	0.173611111111111
137	301	0	0.372093023255814	0.322259136212625	0.225913621262459	0.215946843853821	0.186046511627907
138	283	0.204124145231932	0.434628975265018	0.399293286219081	0.257950530035336	0.240282685512367	0.204946996466431
139	302	0	0.364238410596026	0.344370860927152	0.241721854304636	0.225165562913907	0.21523178807947
140	295	0	0.416949152542373	0.366101694915254	0.230508474576271	0.223728813559322	0.183050847457627
141	297	0.183012701892219	0.427609427609428	0.393939393939394	0.296296296296296	0.276094276094276	0.235690235690236
142	295	0.0890870806374748	0.406779661016949	0.389830508474576	0.277966101694915	0.250847457627119	0.223728813559322
143	297	0.0357142857142857	0.400673400673401	0.37037037037037	0.232323232323232	0.225589225589226	0.202020202020202
144	279	0.0924500327042049	0.422939068100358	0.39426523297491	0.261648745519713	0.232974910394265	0.211469534050179
145	281	0.131881307912987	0.430604982206406	0.405693950177936	0.284697508896797	0.277580071174377	0.220640569395018
146	305	0.0280484097002537	0.413114754098361	0.383606557377049	0.272131147540984	0.249180327868852	0.20655737704918
147	290	0.0283361393234963	0.396551724137931	0.344827586206897	0.231034482758621	0.220689655172414	0.186206896551724
148	297	0.0330127018922193	0.383838383838384	0.363636363636364	0.265993265993266	0.249158249158249	0.222222222222222
149	279	0.0833333333333333	0.401433691756272	0.376344086021505	0.258064516129032	0.240143369175627	0.200716845878136
150	279	0.0413289471330376	0.383512544802867	0.340501792114695	0.218637992831541	0.21505376344086	0.17921146953405
151	300	0	0.386666666666667	0.36	0.236666666666667	0.22	0.193333333333333
152	297	0.133184689521894	0.410774410774411	0.37037037037037	0.259259259259259	0.259259259259259	0.242424242424242
153	315	0	0.346031746031746	0.314285714285714	0.2	0.187301587301587	0.158730158730159
154	278	0.177618633854636	0.413669064748201	0.39568345323741	0.29136690647482	0.276978417266187	0.241007194244604
155	307	0.129099444873581	0.42671009771987	0.390879478827362	0.267100977198697	0.247557003257329	0.208469055374593
156	292	0.104526420811462	0.431506849315069	0.410958904109589	0.277397260273973	0.26027397260274	0.232876712328767
157	309	0.0179120473744154	0.385113268608414	0.368932038834951	0.242718446601942	0.220064724919094	0.210355987055016
158	299	0	0.361204013377926	0.337792642140468	0.220735785953177	0.210702341137124	0.17056856187291
159	323	0	0.390092879256966	0.359133126934985	0.25077399380805	0.241486068111455	0.204334365325077
160	283	0.0892857142857143	0.409893992932862	0.378091872791519	0.247349823321555	0.240282685512367	0.204946996466431
161	281	0	0.398576512455516	0.373665480427046	0.249110320284698	0.238434163701068	0.209964412811388
162	296	0	0.361486486486487	0.317567567567568	0.209459459459459	0.199324324324324	0.185810810810811
163	299	0.211538461538462	0.451505016722408	0.424749163879599	0.267558528428094	0.240802675585284	0.204013377926421
164	282	0.210818510677892	0.436170212765957	0.404255319148936	0.265957446808511	0.24822695035461	0.223404255319149
165	284	0.238917236512046	0.457746478873239	0.447183098591549	0.334507042253521	0.292253521126761	0.267605633802817
166	313	0.0669872981077806	0.424920127795527	0.39297124600639	0.274760383386582	0.252396166134185	0.226837060702875
167	297	0	0.346801346801347	0.333333333333333	0.215488215488215	0.205387205387205	0.168350168350168
168	284	0	0.369718309859155	0.334507042253521	0.225352112676056	0.214788732394366	0.179577464788732
169	288	0.0598629145582784	0.392361111111111	0.371527777777778	0.253472222222222	0.236111111111111	0.222222222222222
170	294	0	0.363945578231293	0.32312925170068	0.224489795918367	0.207482993197279	0.183673469387755
171	291	0	0.350515463917526	0.333333333333333	0.233676975945017	0.219931271477663	0.199312714776632
172	281	0.0825265386741911	0.405693950177936	0.370106761565836	0.270462633451957	0.259786476868327	0.224199288256228
173	269	0	0.379182156133829	0.349442379182156	0.234200743494424	0.215613382899628	0.193308550185874
174	281	0.0669872981077806	0.405693950177936	0.377224199288256	0.270462633451957	0.249110320284698	0.220640569395018
175	291	0.0920093422623222	0.422680412371134	0.36426116838488	0.243986254295533	0.223367697594502	0.209621993127148
176	306	0.138518686128807	0.418300653594771	0.382352941176471	0.264705882352941	0.245098039215686	0.228758169934641
177	294	0.2	0.435374149659864	0.408163265306122	0.272108843537415	0.244897959183673	0.197278911564626
178	298	0.0669872981077806	0.399328859060403	0.36241610738255	0.275167785234899	0.268456375838926	0.24496644295302
179	324	0.142247916852612	0.429012345679012	0.404320987654321	0.240740740740741	0.237654320987654	0.200617283950617
180	282	0.175749582072106	0.397163120567376	0.372340425531915	0.265957446808511	0.23758865248227	0.202127659574468
181	321	0.105409255338946	0.392523364485981	0.367601246105919	0.218068535825545	0.208722741433022	0.199376947040498
182	302	0	0.354304635761589	0.324503311258278	0.218543046357616	0.205298013245033	0.182119205298013
183	302	0.224977297859236	0.437086092715232	0.400662251655629	0.254966887417219	0.241721854304636	0.231788079470199
184	302	0	0.370860927152318	0.350993377483444	0.218543046357616	0.208609271523179	0.178807947019868
185	302	0.0022937693043289	0.397350993377483	0.370860927152318	0.278145695364238	0.254966887417219	0.211920529801325
186	294	0	0.374149659863946	0.346938775510204	0.23469387755102	0.207482993197279	0.17687074829932
187	300	0.0695378048697295	0.406666666666667	0.38	0.266666666666667	0.246666666666667	0.206666666666667
188	273	0	0.388278388278388	0.336996336996337	0.216117216117216	0.197802197802198	0.161172161172161
189	274	0.109126984126984	0.412408759124088	0.394160583941606	0.288321167883212	0.27007299270073	0.237226277372263
190	300	0.19150635094611	0.41	0.383333333333333	0.253333333333333	0.233333333333333	0.213333333333333
191	284	0	0.408450704225352	0.359154929577465	0.274647887323944	0.246478873239437	0.22887323943662
192	295	0	0.305084745762712	0.284745762711864	0.2	0.179661016949153	0.16271186440678
193	307	0.202151297437563	0.433224755700326	0.416938110749186	0.270358306188925	0.257328990228013	0.218241042345277
194	327	0.0811121167728445	0.397553516819572	0.36085626911315	0.250764525993884	0.232415902140673	0.204892966360856
195	317	0.0669872981077806	0.359621451104101	0.337539432176656	0.220820189274448	0.20820189274448	0.170347003154574
196	311	0	0.392282958199357	0.360128617363344	0.260450160771704	0.234726688102894	0.205787781350482
197	284	0	0.345070422535211	0.309859154929577	0.200704225352113	0.190140845070423	0.169014084507042
198	298	0	0.38255033557047	0.365771812080537	0.24496644295302	0.231543624161074	0.201342281879195
199	303	0.147441956154897	0.412541254125413	0.382838283828383	0.280528052805281	0.260726072607261	0.231023102310231
200	288	0.00103103630798287	0.375	0.347222222222222	0.215277777777778	0.211805555555556	0.194444444444444
201	296	0	0.35472972972973	0.344594594594595	0.256756756756757	0.222972972972973	0.189189189189189
202	296	0.103735663977456	0.385135135135135	0.361486486486487	0.243243243243243	0.222972972972973	0.199324324324324
203	293	0	0.382252559726962	0.361774744027304	0.26962457337884	0.242320819112628	0.21160409556314
204	307	0.120900555126419	0.42671009771987	0.397394136807818	0.267100977198697	0.260586319218241	0.208469055374593
205	286	0	0.356643356643357	0.321678321678322	0.241258741258741	0.234265734265734	0.20979020979021
206	286	0.116725801271024	0.43006993006993	0.395104895104895	0.286713286713287	0.276223776223776	0.248251748251748
207	306	0	0.372549019607843	0.349673202614379	0.225490196078431	0.202614379084967	0.186274509803922
208	267	0.0478575772093559	0.389513108614232	0.363295880149813	0.265917602996255	0.235955056179775	0.217228464419476
209	306	0	0.359477124183007	0.323529411764706	0.209150326797386	0.196078431372549	0.163398692810458
210	306	0	0.34640522875817	0.336601307189543	0.235294117647059	0.222222222222222	0.19281045751634
211	299	0.166666666666667	0.408026755852843	0.381270903010033	0.220735785953177	0.204013377926421	0.173913043478261
212	296	0.129099444873581	0.398648648648649	0.361486486486487	0.202702702702703	0.185810810810811	0.158783783783784
213	268	0.00492569003899438	0.358208955223881	0.324626865671642	0.216417910447761	0.212686567164179	0.197761194029851
214	275	0	0.363636363636364	0.338181818181818	0.229090909090909	0.207272727272727	0.178181818181818
215	292	0	0.38013698630137	0.352739726027397	0.26027397260274	0.246575342465753	0.219178082191781
216	296	0.225221308230725	0.439189189189189	0.408783783783784	0.27027027027027	0.246621621621622	0.209459459459459
217	307	0	0.381107491856678	0.345276872964169	0.228013029315961	0.214983713355049	0.182410423452769
218	302	0.152696357771165	0.407284768211921	0.377483443708609	0.26158940397351	0.248344370860927	0.198675496688742
219	304	0	0.338815789473684	0.3125	0.213815789473684	0.200657894736842	0.157894736842105
220	306	0.101031036307983	0.398692810457516	0.372549019607843	0.225490196078431	0.218954248366013	0.205882352941176
221	303	0.0811121167728445	0.402640264026403	0.366336633663366	0.277227722772277	0.257425742574257	0.231023102310231
222	299	0	0.347826086956522	0.324414715719064	0.220735785953177	0.204013377926421	0.177257525083612
223	294	0.0563508326896292	0.421768707482993	0.384353741496599	0.244897959183673	0.22108843537415	0.197278911564626
224	286	0.00592361186909618	0.381118881118881	0.363636363636364	0.223776223776224	0.206293706293706	0.185314685314685
225	321	0.138675049056307	0.414330218068536	0.367601246105919	0.236760124610592	0.227414330218069	0.21183800623053
226	319	0.0561862178478972	0.391849529780564	0.369905956112853	0.244514106583072	0.231974921630094	0.219435736677116
227	302	0.116117869691634	0.397350993377483	0.364238410596026	0.268211920529801	0.248344370860927	0.198675496688742
228	282	0.104766700285439	0.397163120567376	0.375886524822695	0.25886524822695	0.24113475177305	0.212765957446809
229	296	0	0.375	0.35472972972973	0.233108108108108	0.216216216216216	0.199324324324324
230	290	0.183012701892219	0.417241379310345	0.375862068965517	0.241379310344828	0.220689655172414	0.189655172413793
231	300	0.046055073990714	0.4	0.363333333333333	0.25	0.23	0.206666666666667
232	277	0.081084018826956	0.397111913357401	0.389891696750903	0.227436823104693	0.216606498194946	0.176895306859206
233	304	0.100642555053507	0.388157894736842	0.378289473684211	0.269736842105263	0.240131578947368	0.213815789473684
234	305	0.0178571428571428	0.409836065573771	0.380327868852459	0.219672131147541	0.216393442622951	0.180327868852459
235	309	0.112701665379258	0.394822006472492	0.359223300970874	0.233009708737864	0.207119741100324	0.168284789644013
236	296	0	0.368243243243243	0.347972972972973	0.226351351351351	0.195945945945946	0.155405405405405
237	290	0.0669872981077806	0.389655172413793	0.36551724137931	0.23448275862069	0.220689655172414	0.2
238	285	0	0.378947368421053	0.354385964912281	0.231578947368421	0.228070175438597	0.196491228070175
239	277	0.111111111111111	0.415162454873646	0.382671480144404	0.28158844765343	0.252707581227437	0.205776173285199
240	282	0	0.358156028368794	0.333333333333333	0.234042553191489	0.219858156028369	0.191489361702128
241	311	0.0561862178478972	0.418006430868167	0.382636655948553	0.276527331189711	0.254019292604502	0.22508038585209
242	290	0	0.341379310344828	0.293103448275862	0.213793103448276	0.203448275862069	0.175862068965517
243	277	0.2	0.433212996389892	0.404332129963899	0.285198555956679	0.28158844765343	0.249097472924188
244	286	0.183012701892219	0.447552447552448	0.423076923076923	0.283216783216783	0.251748251748252	0.22027972027972
245	276	0	0.384057971014493	0.351449275362319	0.25	0.239130434782609	0.213768115942029
246	294	0.117032540746257	0.387755102040816	0.353741496598639	0.238095238095238	0.22108843537415	0.180272108843537
247	284	0.0972481679882104	0.411971830985916	0.383802816901408	0.267605633802817	0.257042253521127	0.207746478873239
248	283	0	0.3886925795053	0.356890459363958	0.250883392226148	0.243816254416961	0.204946996466431
249	313	0.183012701892219	0.399361022364217	0.364217252396166	0.230031948881789	0.217252396166134	0.178913738019169
250	283	0.1	0.395759717314488	0.353356890459364	0.243816254416961	0.229681978798587	0.197879858657244
251	286	0	0.384615384615385	0.36013986013986	0.241258741258741	0.227272727272727	0.20979020979021
252	258	0.0890870806374748	0.414728682170543	0.403100775193798	0.27906976744186	0.263565891472868	0.24031007751938
253	270	0.122883055770124	0.403703703703704	0.355555555555556	0.251851851851852	0.244444444444444	0.196296296296296
254	299	0	0.381270903010033	0.341137123745819	0.204013377926421	0.190635451505017	0.163879598662207
255	287	0.0979379273840343	0.379790940766551	0.337979094076655	0.222996515679443	0.212543554006969	0.184668989547038
256	299	0.0879208719419911	0.374581939799331	0.354515050167224	0.250836120401338	0.230769230769231	0.204013377926421
257	290	0.205047802724853	0.43448275862069	0.4	0.258620689655172	0.237931034482759	0.206896551724138
258	304	0.174503147324912	0.434210526315789	0.401315789473684	0.253289473684211	0.236842105263158	0.194078947368421
259	291	0	0.391752577319588	0.36426116838488	0.292096219931272	0.271477663230241	0.22680412371134
260	284	0.102704627669473	0.408450704225352	0.366197183098592	0.27112676056338	0.257042253521127	0.235915492957746
261	281	0	0.387900355871886	0.373665480427046	0.256227758007117	0.238434163701068	0.192170818505338
262	282	0.0648667369730972	0.400709219858156	0.386524822695035	0.25531914893617	0.24113475177305	0.216312056737589
263	296	0.183012701892219	0.412162162162162	0.378378378378378	0.239864864864865	0.222972972972973	0.172297297297297
264	320	0.0891730744523121	0.415625	0.38125	0.26875	0.25625	0.234375
265	262	0	0.393129770992366	0.358778625954198	0.248091603053435	0.244274809160305	0.217557251908397
266	296	0	0.35472972972973	0.337837837837838	0.219594594594595	0.202702702702703	0.195945945945946
267	290	0	0.382758620689655	0.355172413793103	0.244827586206897	0.23448275862069	0.182758620689655
268	300	0	0.35	0.326666666666667	0.223333333333333	0.196666666666667	0.176666666666667
269	285	0	0.403508771929825	0.375438596491228	0.266666666666667	0.252631578947368	0.210526315789474
270	291	0.105409255338946	0.40893470790378	0.391752577319588	0.288659793814433	0.268041237113402	0.230240549828179
271	310	0.174558324380267	0.42258064516129	0.4	0.267741935483871	0.258064516129032	0.22258064516129
272	302	0.228093108923949	0.433774834437086	0.394039735099338	0.288079470198676	0.274834437086093	0.248344370860927
273	305	0	0.367213114754098	0.334426229508197	0.226229508196721	0.216393442622951	0.2
274	307	5.55111512312578e-17	0.397394136807818	0.358306188925081	0.237785016286645	0.231270358306189	0.198697068403909
275	287	0.193813782152103	0.449477351916376	0.418118466898955	0.282229965156794	0.257839721254355	0.229965156794425
276	283	0	0.363957597173145	0.328621908127209	0.243816254416961	0.219081272084806	0.197879858657244
277	292	0.116801110252839	0.404109589041096	0.363013698630137	0.232876712328767	0.219178082191781	0.188356164383562
278	292	0	0.366438356164384	0.352739726027397	0.26027397260274	0.246575342465753	0.219178082191781
279	289	0.105409255338946	0.401384083044983	0.380622837370242	0.273356401384083	0.256055363321799	0.217993079584775
280	304	0.145993487239428	0.421052631578947	0.388157894736842	0.256578947368421	0.246710526315789	0.197368421052632
281	286	0.0934760952459697	0.374125874125874	0.356643356643357	0.251748251748252	0.230769230769231	0.178321678321678
282	303	0	0.396039603960396	0.37953795379538	0.227722772277228	0.217821782178218	0.188118811881188
283	273	0.00967970078748703	0.380952380952381	0.362637362637363	0.26007326007326	0.238095238095238	0.205128205128205
284	301	0.0669872981077806	0.398671096345515	0.372093023255814	0.252491694352159	0.229235880398671	0.18936877076412
285	302	0.105409255338946	0.387417218543046	0.367549668874172	0.254966887417219	0.235099337748344	0.208609271523179
286	310	0.0772110857550663	0.396774193548387	0.387096774193548	0.274193548387097	0.258064516129032	0.229032258064516
287	298	0.0561862178478972	0.379194630872483	0.359060402684564	0.258389261744966	0.24496644295302	0.194630872483221
288	314	0.172718864791836	0.417197452229299	0.394904458598726	0.273885350318471	0.254777070063694	0.222929936305732
289	277	0.0811121167728445	0.422382671480144	0.382671480144404	0.256317689530686	0.245487364620939	0.227436823104693
290	310	0	0.370967741935484	0.335483870967742	0.225806451612903	0.225806451612903	0.203225806451613
291	297	0.052704627669473	0.414141414141414	0.373737373737374	0.259259259259259	0.245791245791246	0.232323232323232
292	300	0	0.373333333333333	0.353333333333333	0.22	0.2	0.166666666666667
293	310	0.0558309089980677	0.425806451612903	0.393548387096774	0.270967741935484	0.254838709677419	0.2
294	278	0	0.377697841726619	0.359712230215827	0.233812949640288	0.20863309352518	0.183453237410072
295	300	0.131365032914896	0.393333333333333	0.373333333333333	0.233333333333333	0.213333333333333	0.18
296	271	0.2	0.450184501845019	0.416974169741697	0.243542435424354	0.217712177121771	0.188191881918819
297	316	0.0875474441972491	0.401898734177215	0.386075949367089	0.265822784810127	0.253164556962025	0.221518987341772
298	287	0.0669872981077806	0.390243902439024	0.365853658536585	0.219512195121951	0.21602787456446	0.184668989547038
299	290	0	0.36551724137931	0.33448275862069	0.248275862068966	0.244827586206897	0.224137931034483
300	298	0.0977783858084057	0.406040268456376	0.375838926174497	0.24496644295302	0.228187919463087	0.211409395973154
301	266	0.231566148480567	0.432330827067669	0.398496240601504	0.281954887218045	0.259398496240602	0.229323308270677
302	292	0.0750123501791755	0.373287671232877	0.356164383561644	0.229452054794521	0.226027397260274	0.198630136986301
303	306	0.094752213076466	0.395424836601307	0.34640522875817	0.222222222222222	0.212418300653595	0.183006535947712
304	293	0	0.372013651877133	0.348122866894198	0.255972696245734	0.238907849829352	0.184300341296928
305	311	0.126826484044322	0.427652733118971	0.401929260450161	0.254019292604502	0.237942122186495	0.215434083601286
306	320	0.0669872981077806	0.421875	0.396875	0.2875	0.28125	0.246875
307	279	0	0.318996415770609	0.304659498207885	0.225806451612903	0.222222222222222	0.211469534050179
308	284	0.0739875282551507	0.433098591549296	0.401408450704225	0.257042253521127	0.242957746478873	0.23943661971831
309	275	0.00334718272298022	0.392727272727273	0.356363636363636	0.236363636363636	0.218181818181818	0.192727272727273
310	309	0	0.368932038834951	0.336569579288026	0.236245954692557	0.223300970873786	0.190938511326861
311	287	0.1	0.383275261324042	0.362369337979094	0.240418118466899	0.226480836236934	0.191637630662021
312	295	0.0384615384615385	0.4	0.379661016949153	0.261016949152542	0.24406779661017	0.223728813559322
313	304	0.194844818460086	0.434210526315789	0.414473684210526	0.276315789473684	0.266447368421053	0.230263157894737
314	306	0.119416455078318	0.405228758169935	0.379084967320261	0.23202614379085	0.218954248366013	0.199346405228758
315	300	0	0.376666666666667	0.36	0.266666666666667	0.243333333333333	0.216666666666667
316	279	0.0445435403187374	0.39426523297491	0.369175627240143	0.265232974910394	0.236559139784946	0.211469534050179
317	278	0.115420544891257	0.402877697841727	0.356115107913669	0.262589928057554	0.237410071942446	0.205035971223022
318	297	0	0.377104377104377	0.356902356902357	0.255892255892256	0.242424242424242	0.218855218855219
319	292	0.204124145231932	0.428082191780822	0.400684931506849	0.263698630136986	0.253424657534247	0.208904109589041
320	285	0.183012701892219	0.424561403508772	0.407017543859649	0.280701754385965	0.252631578947368	0.207017543859649
321	299	0	0.374581939799331	0.341137123745819	0.230769230769231	0.214046822742475	0.177257525083612
322	295	0.0669872981077806	0.4	0.355932203389831	0.223728813559322	0.216949152542373	0.189830508474576
323	299	0.120900555126419	0.418060200668896	0.404682274247492	0.28428093645485	0.267558528428094	0.234113712374582
324	286	0.105797736593422	0.409090909090909	0.381118881118881	0.283216783216783	0.262237762237762	0.216783216783217
325	288	0.0703541380926146	0.409722222222222	0.375	0.274305555555556	0.270833333333333	0.232638888888889
326	289	0.183012701892219	0.429065743944637	0.387543252595156	0.249134948096886	0.228373702422145	0.211072664359862
327	310	0	0.370967741935484	0.329032258064516	0.229032258064516	0.22258064516129	0.2
328	300	0	0.38	0.333333333333333	0.24	0.226666666666667	0.183333333333333
329	310	0	0.383870967741935	0.364516129032258	0.238709677419355	0.225806451612903	0.193548387096774
330	298	0.110361574819415	0.412751677852349	0.39261744966443	0.275167785234899	0.251677852348993	0.221476510067114
331	291	0.0464997266644404	0.395189003436426	0.378006872852234	0.240549828178694	0.223367697594502	0.202749140893471
332	298	0	0.365771812080537	0.342281879194631	0.24496644295302	0.218120805369128	0.187919463087248
333	288	0	0.385416666666667	0.368055555555556	0.243055555555556	0.215277777777778	0.190972222222222
334	297	0.107142857142857	0.397306397306397	0.377104377104377	0.218855218855219	0.198653198653199	0.175084175084175
335	283	0.0669872981077806	0.41696113074205	0.399293286219081	0.293286219081272	0.275618374558304	0.247349823321555
336	300	0	0.383333333333333	0.353333333333333	0.243333333333333	0.226666666666667	0.183333333333333
337	297	0	0.37037037037037	0.34006734006734	0.242424242424242	0.235690235690236	0.215488215488215
338	293	0.102062072615966	0.385665529010239	0.36518771331058	0.252559726962457	0.245733788395904	0.204778156996587
339	288	0.0603277450735729	0.413194444444444	0.395833333333333	0.270833333333333	0.246527777777778	0.21875
340	297	0.105409255338946	0.400673400673401	0.36026936026936	0.228956228956229	0.218855218855219	0.175084175084175
341	278	0.0653202268403846	0.363309352517986	0.345323741007194	0.205035971223022	0.197841726618705	0.18705035971223
342	312	0	0.368589743589744	0.326923076923077	0.201923076923077	0.185897435897436	0.163461538461538
343	295	0.183012701892219	0.43728813559322	0.410169491525424	0.274576271186441	0.24406779661017	0.210169491525424
344	282	0.0623311402331855	0.411347517730496	0.397163120567376	0.290780141843972	0.269503546099291	0.230496453900709
345	271	0.0669872981077806	0.409594095940959	0.391143911439114	0.287822878228782	0.265682656826568	0.225092250922509
346	290	0.242857142857143	0.427586206896552	0.382758620689655	0.262068965517241	0.244827586206897	0.2
347	308	0.111604518807218	0.383116883116883	0.347402597402597	0.204545454545455	0.191558441558442	0.168831168831169
348	309	0.102985730108887	0.388349514563107	0.368932038834951	0.245954692556634	0.236245954692557	0.213592233009709
349	296	0	0.39527027027027	0.364864864864865	0.260135135135135	0.239864864864865	0.199324324324324
350	304	0.0313096201507819	0.414473684210526	0.378289473684211	0.243421052631579	0.236842105263158	0.210526315789474
351	293	0	0.409556313993174	0.382252559726962	0.238907849829352	0.228668941979522	0.187713310580205
352	319	0.081084018826956	0.404388714733542	0.382445141065831	0.253918495297806	0.22884012539185	0.216300940438871
353	283	0	0.356890459363958	0.339222614840989	0.240282685512367	0.222614840989399	0.190812720848057
354	307	0	0.355048859934853	0.332247557003257	0.228013029315961	0.218241042345277	0.188925081433225
355	298	0.111149254305138	0.432885906040268	0.409395973154362	0.275167785234899	0.258389261744966	0.224832214765101
356	294	0	0.414965986394558	0.380952380952381	0.251700680272109	0.241496598639456	0.214285714285714
357	307	0	0.364820846905537	0.332247557003257	0.224755700325733	0.218241042345277	0.192182410423453
358	267	0.258198889747161	0.468164794007491	0.441947565543071	0.325842696629214	0.307116104868914	0.269662921348315
359	305	0.160847174916311	0.442622950819672	0.413114754098361	0.288524590163934	0.281967213114754	0.232786885245902
360	296	0.203093108923949	0.439189189189189	0.408783783783784	0.277027027027027	0.256756756756757	0.212837837837838
361	271	0.0737209780774486	0.420664206642066	0.361623616236162	0.236162361623616	0.217712177121771	0.195571955719557
362	298	0	0.39261744966443	0.375838926174497	0.261744966442953	0.25503355704698	0.218120805369128
363	300	0.0487320368396106	0.393333333333333	0.37	0.243333333333333	0.226666666666667	0.196666666666667
364	312	0.113154905232683	0.413461538461538	0.387820512820513	0.278846153846154	0.262820512820513	0.233974358974359
365	328	0	0.359756097560976	0.307926829268293	0.213414634146341	0.204268292682927	0.179878048780488
366	280	0.106276056240902	0.403571428571429	0.371428571428571	0.257142857142857	0.235714285714286	0.189285714285714
367	294	0.108260183225029	0.41156462585034	0.380952380952381	0.261904761904762	0.248299319727891	0.210884353741497
368	294	0.092110147981428	0.414965986394558	0.36734693877551	0.251700680272109	0.241496598639456	0.200680272108844
369	305	0	0.334426229508197	0.295081967213115	0.209836065573771	0.186885245901639	0.163934426229508
370	294	0.127962964458951	0.418367346938776	0.394557823129252	0.268707482993197	0.244897959183673	0.224489795918367
371	276	0	0.376811594202899	0.351449275362319	0.210144927536232	0.202898550724638	0.159420289855072
372	293	0	0.36518771331058	0.341296928327645	0.221843003412969	0.194539249146758	0.174061433447099
373	277	0.125	0.397111913357401	0.350180505415162	0.23826714801444	0.216606498194946	0.191335740072202
374	300	0.118410725661554	0.41	0.39	0.26	0.23	0.2
375	288	0.105409255338946	0.458333333333333	0.434027777777778	0.28125	0.256944444444444	0.222222222222222
376	315	0	0.384126984126984	0.349206349206349	0.228571428571429	0.215873015873016	0.193650793650794
377	310	0.105409255338946	0.412903225806452	0.383870967741935	0.258064516129032	0.241935483870968	0.193548387096774
378	313	0.0669872981077806	0.389776357827476	0.345047923322684	0.230031948881789	0.21405750798722	0.194888178913738
379	294	0.0312712607173676	0.387755102040816	0.370748299319728	0.248299319727891	0.22108843537415	0.193877551020408
380	305	0.0669872981077806	0.39672131147541	0.350819672131148	0.222950819672131	0.20327868852459	0.167213114754098
381	316	0.0554192458083577	0.382911392405063	0.34493670886076	0.243670886075949	0.234177215189873	0.208860759493671
382	297	0	0.393939393939394	0.367003367003367	0.272727272727273	0.265993265993266	0.242424242424242
383	310	0.135978293865362	0.409677419354839	0.37741935483871	0.229032258064516	0.216129032258065	0.187096774193548
384	300	0.0669872981077806	0.406666666666667	0.366666666666667	0.273333333333333	0.266666666666667	0.226666666666667
385	296	0.0728991693658453	0.412162162162162	0.375	0.263513513513514	0.246621621621622	0.212837837837838
386	301	0.0833333333333333	0.428571428571429	0.411960132890365	0.282392026578073	0.269102990033223	0.229235880398671
387	291	0.25	0.439862542955327	0.412371134020619	0.268041237113402	0.254295532646048	0.219931271477663
388	312	0.122025202271051	0.403846153846154	0.365384615384615	0.240384615384615	0.230769230769231	0.208333333333333
389	309	0.125	0.40453074433657	0.378640776699029	0.252427184466019	0.233009708737864	0.200647249190939
390	301	0.136082763487954	0.418604651162791	0.388704318936877	0.262458471760797	0.245847176079734	0.212624584717608
391	300	0.128330246696423	0.413333333333333	0.386666666666667	0.266666666666667	0.246666666666667	0.22
392	310	0.0705561148869454	0.396774193548387	0.358064516129032	0.254838709677419	0.238709677419355	0.206451612903226
393	302	0.140077738738942	0.400662251655629	0.384105960264901	0.26158940397351	0.248344370860927	0.211920529801325
394	288	0.176923076923077	0.427083333333333	0.416666666666667	0.277777777777778	0.263888888888889	0.222222222222222
395	289	0	0.391003460207612	0.359861591695502	0.249134948096886	0.231833910034602	0.186851211072664
396	290	0	0.341379310344828	0.320689655172414	0.237931034482759	0.220689655172414	0.179310344827586
397	311	0.126425605746922	0.401929260450161	0.372990353697749	0.228295819935691	0.215434083601286	0.173633440514469
398	293	0.183012701892219	0.426621160409556	0.385665529010239	0.249146757679181	0.232081911262799	0.208191126279863
399	284	0.00206207261596575	0.397887323943662	0.376760563380282	0.246478873239437	0.21830985915493	0.197183098591549
400	293	0	0.37542662116041	0.351535836177474	0.242320819112628	0.228668941979522	0.187713310580205
401	294	0.0998513561885606	0.394557823129252	0.374149659863946	0.23469387755102	0.22108843537415	0.200680272108844
402	302	0	0.364238410596026	0.350993377483444	0.231788079470199	0.208609271523179	0.195364238410596
403	323	0.110466987928207	0.408668730650155	0.380804953560372	0.263157894736842	0.235294117647059	0.207430340557276
404	296	0.0599798482740028	0.412162162162162	0.385135135135135	0.280405405405405	0.266891891891892	0.219594594594595
405	308	0.0669872981077806	0.399350649350649	0.36038961038961	0.25	0.233766233766234	0.201298701298701
406	300	0.121803392911045	0.413333333333333	0.393333333333333	0.29	0.283333333333333	0.22
407	291	0.178571428571428	0.402061855670103	0.367697594501718	0.223367697594502	0.219931271477663	0.195876288659794
408	315	0.00180567556925165	0.4	0.374603174603175	0.26031746031746	0.234920634920635	0.196825396825397
409	329	0.0166666666666667	0.361702127659575	0.325227963525836	0.194528875379939	0.185410334346505	0.155015197568389
410	312	0	0.375	0.323717948717949	0.230769230769231	0.227564102564103	0.185897435897436
411	290	0.105319796381646	0.420689655172414	0.393103448275862	0.268965517241379	0.255172413793103	0.220689655172414
412	321	0	0.336448598130841	0.314641744548287	0.227414330218069	0.218068535825545	0.193146417445483
413	290	0	0.348275862068966	0.331034482758621	0.255172413793103	0.224137931034483	0.203448275862069
414	301	0	0.382059800664452	0.358803986710964	0.235880398671096	0.222591362126246	0.196013289036545
415	287	0.0669872981077806	0.397212543554007	0.365853658536585	0.257839721254355	0.233449477351916	0.198606271777004
416	310	0.114699690807259	0.419354838709677	0.380645161290323	0.248387096774194	0.235483870967742	0.2
417	303	0	0.353135313531353	0.306930693069307	0.207920792079208	0.194719471947195	0.184818481848185
418	284	0	0.380281690140845	0.341549295774648	0.22887323943662	0.21830985915493	0.190140845070423
419	296	0.0104539101670104	0.364864864864865	0.327702702702703	0.226351351351351	0.219594594594595	0.206081081081081
420	278	0	0.37410071942446	0.348920863309353	0.248201438848921	0.226618705035971	0.219424460431655
421	304	0.075160315720557	0.414473684210526	0.375	0.217105263157895	0.200657894736842	0.177631578947368
422	267	0.2	0.415730337078652	0.389513108614232	0.247191011235955	0.239700374531835	0.205992509363296
423	302	0.0979379273840343	0.410596026490066	0.384105960264901	0.23841059602649	0.21523178807947	0.19205298013245
424	300	0	0.35	0.323333333333333	0.226666666666667	0.21	0.173333333333333
425	297	0.133630620956212	0.424242424242424	0.387205387205387	0.282828282828283	0.272727272727273	0.239057239057239
426	292	0.0395918303197014	0.373287671232877	0.342465753424658	0.246575342465753	0.222602739726027	0.174657534246575
427	300	0.0175373872540925	0.383333333333333	0.336666666666667	0.193333333333333	0.183333333333333	0.156666666666667
428	295	0	0.372881355932203	0.342372881355932	0.203389830508475	0.179661016949153	0.149152542372881
429	293	0	0.368600682593857	0.351535836177474	0.242320819112628	0.232081911262799	0.197952218430034
430	300	0.0584936490538903	0.373333333333333	0.32	0.2	0.19	0.156666666666667
431	277	0.210818510677892	0.429602888086643	0.393501805054152	0.263537906137184	0.252707581227437	0.220216606498195
432	302	0.0979379273840343	0.380794701986755	0.357615894039735	0.248344370860927	0.228476821192053	0.208609271523179
433	312	0.0627651804642088	0.407051282051282	0.381410256410256	0.25	0.237179487179487	0.211538461538462
434	292	0	0.386986301369863	0.35958904109589	0.208904109589041	0.195205479452055	0.167808219178082
435	305	0.0495540685656817	0.419672131147541	0.377049180327869	0.272131147540984	0.252459016393443	0.222950819672131
436	295	0	0.376271186440678	0.349152542372881	0.220338983050847	0.210169491525424	0.186440677966102
437	305	0.107142857142857	0.419672131147541	0.373770491803279	0.278688524590164	0.255737704918033	0.213114754098361
438	296	0.0780371893726277	0.418918918918919	0.388513513513514	0.263513513513514	0.239864864864865	0.212837837837838
439	284	0	0.369718309859155	0.345070422535211	0.22887323943662	0.221830985915493	0.204225352112676
440	264	0.183012701892219	0.443181818181818	0.412878787878788	0.295454545454545	0.276515151515151	0.223484848484848
441	313	0.0924500327042049	0.399361022364217	0.376996805111821	0.29073482428115	0.274760383386582	0.233226837060703
442	289	0	0.356401384083045	0.314878892733564	0.224913494809689	0.214532871972318	0.193771626297578
443	307	0	0.37785016286645	0.342019543973941	0.218241042345277	0.205211726384365	0.179153094462541
444	319	0.0833333333333333	0.407523510971787	0.376175548589342	0.269592476489028	0.253918495297806	0.219435736677116
445	280	0.125902837784626	0.403571428571429	0.382142857142857	0.303571428571429	0.289285714285714	0.253571428571429
446	295	0.126826484044322	0.410169491525424	0.389830508474576	0.257627118644068	0.250847457627119	0.233898305084746
447	308	0.096620608842517	0.405844155844156	0.37012987012987	0.246753246753247	0.224025974025974	0.188311688311688
448	298	0.112030258088051	0.399328859060403	0.359060402684564	0.248322147651007	0.228187919463087	0.204697986577181
449	303	0	0.372937293729373	0.336633663366337	0.244224422442244	0.231023102310231	0.211221122112211
450	288	0	0.388888888888889	0.364583333333333	0.274305555555556	0.256944444444444	0.229166666666667
451	302	0	0.360927152317881	0.327814569536424	0.21523178807947	0.211920529801325	0.195364238410596
452	299	0.1	0.414715719063545	0.394648829431438	0.247491638795987	0.237458193979933	0.193979933110368
453	328	0	0.356707317073171	0.335365853658537	0.253048780487805	0.231707317073171	0.201219512195122
454	273	0	0.373626373626374	0.355311355311355	0.263736263736264	0.241758241758242	0.205128205128205
455	268	0	0.343283582089552	0.324626865671642	0.235074626865672	0.223880597014925	0.175373134328358
456	284	0	0.404929577464789	0.338028169014085	0.21830985915493	0.211267605633803	0.183098591549296
457	268	0.0457143672714777	0.376865671641791	0.33955223880597	0.242537313432836	0.23134328358209	0.208955223880597
458	258	0	0.321705426356589	0.294573643410853	0.201550387596899	0.182170542635659	0.131782945736434
459	287	0.102062072615966	0.414634146341463	0.369337979094077	0.229965156794425	0.21602787456446	0.198606271777004
460	274	0.0986476861652635	0.401459854014599	0.361313868613139	0.244525547445256	0.233576642335766	0.193430656934307
461	305	0.0720541721251015	0.39016393442623	0.367213114754098	0.216393442622951	0.20655737704918	0.186885245901639
462	292	0.0669872981077806	0.393835616438356	0.376712328767123	0.243150684931507	0.226027397260274	0.191780821917808
463	306	0.0309103493343614	0.356209150326797	0.333333333333333	0.238562091503268	0.228758169934641	0.186274509803922
464	295	0	0.379661016949153	0.349152542372881	0.24406779661017	0.23728813559322	0.203389830508475
465	303	0.102062072615966	0.409240924092409	0.386138613861386	0.257425742574257	0.240924092409241	0.198019801980198
466	290	0.127962964458951	0.410344827586207	0.379310344827586	0.251724137931035	0.241379310344828	0.213793103448276
467	285	0	0.333333333333333	0.298245614035088	0.196491228070175	0.178947368421053	0.147368421052632
468	293	0.131881307912987	0.409556313993174	0.372013651877133	0.228668941979522	0.204778156996587	0.160409556313993
469	263	0.0741249316661101	0.387832699619772	0.361216730038023	0.228136882129278	0.209125475285171	0.186311787072243
470	303	0	0.372937293729373	0.33993399339934	0.207920792079208	0.191419141914191	0.171617161716172
471	283	0.197295372330527	0.459363957597173	0.402826855123675	0.31095406360424	0.300353356890459	0.261484098939929
472	313	0.112701665379258	0.402555910543131	0.351437699680511	0.236421725239617	0.230031948881789	0.207667731629393
473	307	0	0.348534201954397	0.319218241042345	0.198697068403909	0.182410423452769	0.156351791530945
474	284	0	0.390845070422535	0.362676056338028	0.207746478873239	0.186619718309859	0.169014084507042
475	305	0.183012701892219	0.409836065573771	0.373770491803279	0.255737704918033	0.239344262295082	0.213114754098361
476	299	0.197027601559775	0.424749163879599	0.40133779264214	0.277591973244147	0.264214046822743	0.230769230769231
477	305	0	0.377049180327869	0.344262295081967	0.20327868852459	0.183606557377049	0.150819672131148
478	289	0	0.363321799307959	0.335640138408305	0.228373702422145	0.214532871972318	0.197231833910035
479	289	0.105409255338946	0.380622837370242	0.349480968858132	0.211072664359862	0.190311418685121	0.183391003460208
480	281	0.0413289471330376	0.362989323843416	0.320284697508897	0.220640569395018	0.217081850533808	0.192170818505338
481	295	0	0.369491525423729	0.325423728813559	0.23728813559322	0.210169491525424	0.2
482	313	0	0.322683706070288	0.313099041533546	0.204472843450479	0.194888178913738	0.169329073482428
483	305	0	0.383606557377049	0.363934426229508	0.245901639344262	0.222950819672131	0.209836065573771
484	310	0.0666075320623093	0.406451612903226	0.358064516129032	0.251612903225806	0.235483870967742	0.193548387096774
485	305	0.0669872981077806	0.39672131147541	0.373770491803279	0.232786885245902	0.219672131147541	0.183606557377049
486	314	0	0.369426751592357	0.356687898089172	0.24203821656051	0.226114649681529	0.200636942675159
487	282	0.0669872981077806	0.404255319148936	0.375886524822695	0.24822695035461	0.24113475177305	0.216312056737589
488	296	0	0.381756756756757	0.358108108108108	0.256756756756757	0.25	0.219594594594595
489	300	0	0.403333333333333	0.36	0.21	0.196666666666667	0.17
490	300	0.0875303635622661	0.416666666666667	0.39	0.273333333333333	0.246666666666667	0.2
491	298	0.153093108923949	0.422818791946309	0.379194630872483	0.261744966442953	0.24496644295302	0.204697986577181
492	303	0.183012701892219	0.419141914191419	0.363036303630363	0.264026402640264	0.247524752475248	0.217821782178218
493	294	0.0142458771698015	0.418367346938776	0.377551020408163	0.261904761904762	0.238095238095238	0.197278911564626
494	273	0.25	0.461538461538462	0.432234432234432	0.3003663003663	0.278388278388278	0.230769230769231
495	301	0.0644584150938455	0.39202657807309	0.362126245847176	0.242524916943522	0.229235880398671	0.192691029900332
496	298	0.15228051217876	0.426174496644295	0.38255033557047	0.248322147651007	0.23489932885906	0.208053691275168
497	300	0.125913242022161	0.406666666666667	0.366666666666667	0.25	0.236666666666667	0.213333333333333
498	303	0.177728229840631	0.392739273927393	0.35973597359736	0.254125412541254	0.244224422442244	0.211221122112211
499	293	0.0669872981077806	0.402730375426621	0.378839590443686	0.262798634812287	0.238907849829352	0.194539249146758
500	300	0	0.37	0.336666666666667	0.243333333333333	0.226666666666667	0.2
501	278	0.0669872981077806	0.438848920863309	0.392086330935252	0.276978417266187	0.266187050359712	0.20863309352518
502	298	0.147883055770124	0.416107382550336	0.385906040268456	0.26510067114094	0.25503355704698	0.221476510067114
503	297	0	0.400673400673401	0.363636363636364	0.252525252525253	0.239057239057239	0.195286195286195
504	289	0.2	0.429065743944637	0.404844290657439	0.283737024221453	0.262975778546713	0.228373702422145
505	313	0.109715780937078	0.421725239616613	0.396166134185304	0.249201277955272	0.23961661341853	0.217252396166134
506	329	0.204124145231932	0.43161094224924	0.407294832826748	0.270516717325228	0.252279635258359	0.224924012158055
507	276	0	0.391304347826087	0.36231884057971	0.25	0.231884057971015	0.213768115942029
508	283	0.105409255338946	0.431095406360424	0.399293286219081	0.257950530035336	0.250883392226148	0.226148409893993
509	303	0.105409255338946	0.415841584158416	0.382838283828383	0.273927392739274	0.260726072607261	0.224422442244224
510	317	0.129099444873581	0.416403785488959	0.400630914826498	0.242902208201893	0.236593059936909	0.201892744479495
511	282	0.135322079039853	0.418439716312057	0.382978723404255	0.226950354609929	0.205673758865248	0.170212765957447
512	276	0.0192251006442572	0.394927536231884	0.373188405797101	0.253623188405797	0.246376811594203	0.213768115942029
513	292	0	0.366438356164384	0.345890410958904	0.226027397260274	0.212328767123288	0.191780821917808
514	277	0	0.350180505415162	0.317689530685921	0.1985559566787	0.191335740072202	0.162454873646209
515	304	0.0488256425835112	0.361842105263158	0.319078947368421	0.203947368421053	0.194078947368421	0.180921052631579
516	304	0	0.394736842105263	0.351973684210526	0.230263157894737	0.220394736842105	0.184210526315789
517	307	0	0.381107491856678	0.361563517915309	0.241042345276873	0.224755700325733	0.195439739413681
518	310	0.027332424475847	0.380645161290323	0.348387096774194	0.216129032258065	0.206451612903226	0.17741935483871
519	303	0	0.363036303630363	0.343234323432343	0.221122112211221	0.207920792079208	0.174917491749175
520	306	0.104197492723917	0.38562091503268	0.349673202614379	0.245098039215686	0.228758169934641	0.205882352941176
521	306	0.159204547908089	0.408496732026144	0.372549019607843	0.271241830065359	0.254901960784314	0.222222222222222
522	294	0.126237020540375	0.414965986394558	0.394557823129252	0.268707482993197	0.248299319727891	0.214285714285714
523	301	0.105409255338946	0.415282392026578	0.375415282392027	0.229235880398671	0.215946843853821	0.199335548172757
524	307	0.133630620956212	0.42671009771987	0.390879478827362	0.276872964169381	0.267100977198697	0.247557003257329
525	287	0.2	0.428571428571429	0.400696864111498	0.278745644599303	0.268292682926829	0.229965156794425
526	293	0.0669872981077806	0.402730375426621	0.372013651877133	0.252559726962457	0.242320819112628	0.208191126279863
527	300	0.0762562951277637	0.373333333333333	0.336666666666667	0.253333333333333	0.236666666666667	0.203333333333333
528	286	0.0113276890742295	0.363636363636364	0.335664335664336	0.251748251748252	0.227272727272727	0.206293706293706
529	301	0.0668153104781061	0.352159468438538	0.315614617940199	0.192691029900332	0.18936877076412	0.159468438538206
530	289	0.183012701892219	0.42560553633218	0.391003460207612	0.269896193771626	0.259515570934256	0.214532871972318
531	298	0.0162632693370956	0.379194630872483	0.37248322147651	0.248322147651007	0.238255033557047	0.208053691275168
532	304	0.0960779094427608	0.404605263157895	0.358552631578947	0.236842105263158	0.223684210526316	0.1875
533	294	0	0.346938775510204	0.319727891156463	0.204081632653061	0.193877551020408	0.183673469387755
534	290	0.2	0.444827586206897	0.403448275862069	0.282758620689655	0.258620689655172	0.220689655172414
535	309	0.140859428158148	0.398058252427184	0.349514563106796	0.27831715210356	0.252427184466019	0.194174757281553
536	295	0.25	0.447457627118644	0.386440677966102	0.250847457627119	0.23728813559322	0.213559322033898
537	296	0.185594479688045	0.432432432432432	0.412162162162162	0.263513513513514	0.233108108108108	0.195945945945946
538	307	0.183012701892219	0.416938110749186	0.39413680781759	0.273615635179153	0.263843648208469	0.237785016286645
539	276	0.204124145231932	0.431159420289855	0.391304347826087	0.260869565217391	0.246376811594203	0.221014492753623
540	289	0.0445435403187374	0.363321799307959	0.335640138408305	0.245674740484429	0.235294117647059	0.200692041522491
541	308	0.0954088462274878	0.376623376623377	0.324675324675325	0.201298701298701	0.191558441558442	0.175324675324675
542	303	0.142857142857143	0.389438943894389	0.366336633663366	0.240924092409241	0.237623762376238	0.207920792079208
543	290	0	0.389655172413793	0.341379310344828	0.227586206896552	0.220689655172414	0.186206896551724
544	294	0.0640371438909297	0.387755102040816	0.377551020408163	0.255102040816327	0.231292517006803	0.210884353741497
545	279	0.0938137821521028	0.390681003584229	0.365591397849462	0.243727598566308	0.229390681003584	0.211469534050179
546	301	0.0370624658330551	0.40531561461794	0.378737541528239	0.26578073089701	0.255813953488372	0.222591362126246
547	306	0	0.375816993464052	0.349673202614379	0.238562091503268	0.218954248366013	0.196078431372549
548	298	0.105409255338946	0.406040268456376	0.375838926174497	0.281879194630873	0.275167785234899	0.241610738255034
549	296	0.132349113634951	0.402027027027027	0.368243243243243	0.212837837837838	0.202702702702703	0.168918918918919
550	289	0.129099444873581	0.418685121107266	0.394463667820069	0.290657439446367	0.26643598615917	0.238754325259516
551	300	0.14514954950602	0.423333333333333	0.4	0.273333333333333	0.253333333333333	0.196666666666667
552	292	0.0505631323857039	0.393835616438356	0.356164383561644	0.219178082191781	0.208904109589041	0.184931506849315
553	307	0	0.37785016286645	0.361563517915309	0.260586319218241	0.257328990228013	0.224755700325733
554	316	0.115041899486831	0.392405063291139	0.363924050632911	0.205696202531646	0.183544303797468	0.170886075949367
555	307	0.0495540685656817	0.371335504885993	0.345276872964169	0.254071661237785	0.244299674267101	0.205211726384365
556	293	0.0832189037512522	0.389078498293515	0.372013651877133	0.25938566552901	0.255972696245734	0.218430034129693
557	306	0	0.375816993464052	0.343137254901961	0.235294117647059	0.225490196078431	0.199346405228758
558	292	0	0.397260273972603	0.363013698630137	0.256849315068493	0.243150684931507	0.212328767123288
559	293	0.160847174916311	0.412969283276451	0.378839590443686	0.255972696245734	0.228668941979522	0.194539249146758
560	289	0.0458758547680685	0.394463667820069	0.370242214532872	0.228373702422145	0.211072664359862	0.190311418685121
561	295	0.225221308230725	0.471186440677966	0.423728813559322	0.308474576271186	0.288135593220339	0.247457627118644
562	291	0.138641149203157	0.412371134020619	0.360824742268041	0.257731958762887	0.25085910652921	0.206185567010309
563	291	0.1	0.398625429553265	0.36426116838488	0.25085910652921	0.230240549828179	0.195876288659794
564	312	0.113154905232683	0.384615384615385	0.352564102564103	0.272435897435897	0.253205128205128	0.205128205128205
565	297	0	0.363636363636364	0.35016835016835	0.235690235690236	0.218855218855219	0.191919191919192
566	312	0.16970930174387	0.413461538461538	0.365384615384615	0.256410256410256	0.237179487179487	0.198717948717949
567	269	0	0.371747211895911	0.342007434944238	0.263940520446097	0.252788104089219	0.211895910780669
568	290	0.133198889747161	0.413793103448276	0.382758620689655	0.272413793103448	0.262068965517241	0.220689655172414
569	293	0	0.372013651877133	0.337883959044369	0.197952218430034	0.180887372013652	0.160409556313993
570	293	0.158113883008419	0.42320819112628	0.392491467576792	0.26962457337884	0.249146757679181	0.21160409556314
571	273	0.204124145231932	0.421245421245421	0.391941391941392	0.267399267399267	0.263736263736264	0.241758241758242
572	286	0.203003528085558	0.437062937062937	0.398601398601399	0.262237762237762	0.248251748251748	0.20979020979021
573	277	0.120900555126419	0.404332129963899	0.386281588447653	0.263537906137184	0.245487364620939	0.209386281588448
574	271	0.244543540318737	0.453874538745388	0.424354243542435	0.280442804428044	0.273062730627306	0.239852398523985
575	293	0.081084018826956	0.42320819112628	0.382252559726962	0.276450511945392	0.245733788395904	0.221843003412969
576	309	0.183012701892219	0.440129449838188	0.414239482200647	0.307443365695793	0.29126213592233	0.252427184466019
577	300	0.0740356584673683	0.386666666666667	0.363333333333333	0.26	0.24	0.22
578	280	0	0.4	0.375	0.239285714285714	0.228571428571429	0.203571428571429
579	296	0.202062072615966	0.412162162162162	0.378378378378378	0.260135135135135	0.25	0.216216216216216
580	283	0.166666666666667	0.434628975265018	0.406360424028269	0.282685512367491	0.254416961130742	0.215547703180212
581	303	0.0457143672714777	0.399339933993399	0.382838283828383	0.260726072607261	0.227722772277228	0.201320132013201
582	292	0	0.397260273972603	0.366438356164384	0.27054794520548	0.256849315068493	0.205479452054795
583	301	0	0.395348837209302	0.362126245847176	0.27906976744186	0.262458471760797	0.215946843853821
584	283	0.00985138007798876	0.378091872791519	0.335689045936396	0.183745583038869	0.15547703180212	0.144876325088339
585	301	0	0.352159468438538	0.322259136212625	0.212624584717608	0.199335548172757	0.182724252491694
586	272	0.149892694194345	0.430147058823529	0.393382352941176	0.25	0.224264705882353	0.194852941176471
587	282	0.110175532260572	0.390070921985816	0.354609929078014	0.25886524822695	0.25177304964539	0.226950354609929
588	307	0.0669872981077806	0.400651465798046	0.374592833876222	0.247557003257329	0.234527687296417	0.195439739413681
589	287	0	0.393728222996516	0.35191637630662	0.261324041811847	0.254355400696864	0.222996515679443
590	288	0.124332331132442	0.40625	0.378472222222222	0.260416666666667	0.236111111111111	0.208333333333333
591	309	0.177086772974317	0.43042071197411	0.398058252427184	0.275080906148867	0.258899676375405	0.229773462783172
592	289	0.2	0.42560553633218	0.384083044982699	0.27681660899654	0.259515570934256	0.211072664359862
593	302	0.208394985447833	0.427152317880795	0.413907284768212	0.28476821192053	0.264900662251656	0.218543046357616
594	290	0.102523901362427	0.396551724137931	0.358620689655172	0.255172413793103	0.248275862068966	0.224137931034483
595	294	0.0650264602482349	0.401360544217687	0.380952380952381	0.255102040816327	0.244897959183673	0.207482993197279
596	311	0.1	0.414790996784566	0.369774919614148	0.247588424437299	0.228295819935691	0.192926045016077
597	283	0	0.3886925795053	0.34982332155477	0.236749116607774	0.226148409893993	0.190812720848057
598	307	0.144590744661054	0.41042345276873	0.364820846905537	0.254071661237785	0.231270358306189	0.218241042345277
599	313	0	0.370607028753994	0.329073482428115	0.201277955271566	0.191693290734824	0.162939297124601
600	324	0.0705795180905566	0.401234567901235	0.373456790123457	0.262345679012346	0.246913580246914	0.225308641975309
601	299	0.0669872981077806	0.418060200668896	0.384615384615385	0.264214046822743	0.240802675585284	0.214046822742475
602	290	0.0334936490538903	0.389655172413793	0.372413793103448	0.244827586206897	0.237931034482759	0.193103448275862
603	298	0.0279081947120814	0.38255033557047	0.352348993288591	0.224832214765101	0.208053691275168	0.181208053691275
604	278	0	0.370503597122302	0.345323741007194	0.212230215827338	0.18705035971223	0.154676258992806
605	315	0	0.358730158730159	0.333333333333333	0.228571428571429	0.20952380952381	0.19047619047619
606	292	0	0.352739726027397	0.335616438356164	0.198630136986301	0.188356164383562	0.160958904109589
607	300	0.0630477892878566	0.376666666666667	0.35	0.22	0.216666666666667	0.2
608	300	0	0.366666666666667	0.333333333333333	0.216666666666667	0.2	0.183333333333333
609	310	0.112512350179175	0.435483870967742	0.406451612903226	0.283870967741936	0.261290322580645	0.229032258064516
610	291	0	0.36426116838488	0.350515463917526	0.264604810996564	0.240549828178694	0.219931271477663
611	284	0.0883778709498419	0.415492957746479	0.394366197183099	0.214788732394366	0.207746478873239	0.183098591549296
612	308	0	0.366883116883117	0.337662337662338	0.24025974025974	0.207792207792208	0.178571428571429
613	280	0.189720636660395	0.45	0.425	0.267857142857143	0.25	0.221428571428571
614	311	0	0.356913183279743	0.337620578778135	0.241157556270096	0.212218649517685	0.183279742765273
615	301	0	0.388704318936877	0.362126245847176	0.235880398671096	0.225913621262459	0.196013289036545
616	296	0	0.347972972972973	0.300675675675676	0.212837837837838	0.192567567567568	0.165540540540541
617	305	0.0357142857142857	0.380327868852459	0.327868852459016	0.226229508196721	0.219672131147541	0.186885245901639
618	291	0.129099444873581	0.426116838487973	0.402061855670103	0.264604810996564	0.254295532646048	0.202749140893471
619	298	0.212552112481803	0.432885906040268	0.409395973154362	0.288590604026846	0.26510067114094	0.23489932885906
620	306	0.138083147841997	0.415032679738562	0.379084967320261	0.264705882352941	0.23202614379085	0.189542483660131
621	297	0.0669872981077806	0.400673400673401	0.377104377104377	0.259259259259259	0.242424242424242	0.198653198653199
622	299	0	0.394648829431438	0.354515050167224	0.247491638795987	0.22742474916388	0.207357859531773
623	285	0.0457143672714777	0.385964912280702	0.364912280701754	0.228070175438597	0.214035087719298	0.192982456140351
624	291	0.105409255338946	0.398625429553265	0.357388316151203	0.233676975945017	0.223367697594502	0.185567010309278
625	291	0.0938137821521028	0.40893470790378	0.374570446735395	0.264604810996564	0.261168384879725	0.233676975945017
626	302	0	0.374172185430464	0.337748344370861	0.225165562913907	0.208609271523179	0.188741721854305
627	265	0	0.369811320754717	0.343396226415094	0.218867924528302	0.211320754716981	0.19622641509434
628	305	0	0.347540983606557	0.314754098360656	0.19672131147541	0.180327868852459	0.170491803278689
629	276	0.163201860820611	0.405797101449275	0.36231884057971	0.242753623188406	0.231884057971015	0.195652173913043
630	297	0	0.387205387205387	0.367003367003367	0.276094276094276	0.239057239057239	0.208754208754209
631	297	0.116666666666667	0.420875420875421	0.387205387205387	0.232323232323232	0.222222222222222	0.198653198653199
632	295	0.10733367699815	0.396610169491525	0.359322033898305	0.233898305084746	0.223728813559322	0.203389830508475
633	294	0	0.363945578231293	0.336734693877551	0.224489795918367	0.207482993197279	0.183673469387755
634	300	0.0301475001492662	0.393333333333333	0.373333333333333	0.266666666666667	0.253333333333333	0.243333333333333
635	292	0.0969337108279075	0.414383561643836	0.39041095890411	0.256849315068493	0.243150684931507	0.205479452054795
636	285	0	0.382456140350877	0.354385964912281	0.259649122807018	0.249122807017544	0.231578947368421
637	304	0.138585379207365	0.401315789473684	0.355263157894737	0.259868421052632	0.243421052631579	0.217105263157895
638	285	0.204124145231932	0.435087719298246	0.410526315789474	0.291228070175439	0.27719298245614	0.245614035087719
639	305	0	0.360655737704918	0.340983606557377	0.232786885245902	0.222950819672131	0.186885245901639
640	310	0.138618178283907	0.419354838709677	0.390322580645161	0.261290322580645	0.225806451612903	0.190322580645161
641	317	0.133630620956212	0.381703470031546	0.353312302839117	0.217665615141956	0.211356466876972	0.192429022082019
642	267	0.10591481821704	0.408239700374532	0.385767790262172	0.247191011235955	0.235955056179775	0.202247191011236
643	301	0	0.39202657807309	0.368770764119601	0.255813953488372	0.249169435215947	0.199335548172757
644	306	0.0943712943361397	0.395424836601307	0.366013071895425	0.245098039215686	0.23202614379085	0.199346405228758
645	317	0.0892857142857143	0.378548895899054	0.334384858044164	0.22397476340694	0.211356466876972	0.173501577287066
646	316	0.135385098400938	0.386075949367089	0.34493670886076	0.19620253164557	0.183544303797468	0.158227848101266
647	300	0.0765857796635983	0.413333333333333	0.37	0.263333333333333	0.25	0.23
648	300	0.123166143167735	0.39	0.37	0.246666666666667	0.23	0.196666666666667
649	280	0.0146453067178116	0.403571428571429	0.389285714285714	0.278571428571429	0.264285714285714	0.217857142857143
650	282	0	0.393617021276596	0.365248226950355	0.234042553191489	0.212765957446809	0.191489361702128
651	299	0.204124145231932	0.42809364548495	0.408026755852843	0.28428093645485	0.264214046822743	0.234113712374582
652	286	0.0695311475617127	0.423076923076923	0.398601398601399	0.251748251748252	0.234265734265734	0.199300699300699
653	325	0	0.4	0.356923076923077	0.227692307692308	0.218461538461538	0.2
654	269	0.0734497861566203	0.397769516728625	0.371747211895911	0.230483271375465	0.215613382899628	0.204460966542751
655	290	0	0.372413793103448	0.344827586206897	0.237931034482759	0.220689655172414	0.186206896551724
656	297	0	0.377104377104377	0.35016835016835	0.225589225589226	0.215488215488215	0.171717171717172
657	279	0	0.362007168458781	0.344086021505376	0.225806451612903	0.207885304659498	0.189964157706093
658	308	0.186615046598284	0.448051948051948	0.412337662337662	0.246753246753247	0.233766233766234	0.198051948051948
659	308	0.184162515528747	0.431818181818182	0.396103896103896	0.285714285714286	0.26948051948052	0.253246753246753
660	307	0.0589571903266623	0.403908794788274	0.381107491856678	0.273615635179153	0.254071661237785	0.228013029315961
661	281	0.25	0.459074733096086	0.441281138790036	0.309608540925267	0.291814946619217	0.263345195729537
662	308	0.0425599437917163	0.37987012987013	0.344155844155844	0.237012987012987	0.217532467532468	0.191558441558442
663	300	0	0.383333333333333	0.363333333333333	0.26	0.246666666666667	0.2
664	306	0.258198889747161	0.477124183006536	0.464052287581699	0.310457516339869	0.277777777777778	0.235294117647059
665	278	0.00536171031818272	0.37410071942446	0.341726618705036	0.233812949640288	0.197841726618705	0.161870503597122
666	302	0.216768106135789	0.447019867549669	0.410596026490066	0.301324503311258	0.291390728476821	0.26158940397351
667	279	0	0.3584229390681	0.326164874551971	0.218637992831541	0.207885304659498	0.189964157706093
668	292	0.0110379610028063	0.400684931506849	0.356164383561644	0.23972602739726	0.226027397260274	0.188356164383562
669	311	0.0213799072907321	0.372990353697749	0.360128617363344	0.254019292604502	0.234726688102894	0.205787781350482
670	292	0	0.383561643835616	0.363013698630137	0.229452054794521	0.222602739726027	0.178082191780822
671	276	0.149373067931084	0.420289855072464	0.391304347826087	0.264492753623188	0.242753623188406	0.213768115942029
672	284	0.0669872981077806	0.376760563380282	0.355633802816901	0.242957746478873	0.225352112676056	0.186619718309859
673	313	0.225221308230725	0.44408945686901	0.405750798722045	0.287539936102236	0.268370607028754	0.242811501597444
674	281	0.105409255338946	0.402135231316726	0.366548042704626	0.238434163701068	0.227758007117438	0.199288256227758
675	272	0.0705561148869454	0.389705882352941	0.352941176470588	0.238970588235294	0.224264705882353	0.194852941176471
676	300	0.183012701892219	0.416666666666667	0.39	0.256666666666667	0.243333333333333	0.226666666666667
677	315	0.183184689521894	0.425396825396825	0.368253968253968	0.231746031746032	0.215873015873016	0.193650793650794
678	303	0.137298334620742	0.389438943894389	0.36963696369637	0.234323432343234	0.224422442244224	0.214521452145215
679	318	0	0.39622641509434	0.367924528301887	0.220125786163522	0.19811320754717	0.179245283018868
680	279	0.0669872981077806	0.376344086021505	0.351254480286738	0.247311827956989	0.232974910394265	0.204301075268817
681	301	0.066227766016838	0.365448504983389	0.352159468438538	0.259136212624585	0.232558139534884	0.196013289036545
682	275	0	0.374545454545455	0.341818181818182	0.2	0.2	0.163636363636364
683	279	0.116369379043788	0.390681003584229	0.362007168458781	0.272401433691756	0.254480286738351	0.222222222222222
684	279	0	0.340501792114695	0.311827956989247	0.21505376344086	0.204301075268817	0.168458781362007
685	293	0	0.385665529010239	0.361774744027304	0.204778156996587	0.180887372013652	0.139931740614334
686	293	0.0777282298406313	0.395904436860068	0.37542662116041	0.221843003412969	0.21160409556314	0.194539249146758
687	281	0.0669872981077806	0.416370106761566	0.395017793594306	0.249110320284698	0.227758007117438	0.177935943060498
688	296	0	0.351351351351351	0.337837837837838	0.209459459459459	0.199324324324324	0.175675675675676
689	272	0.0774540850248859	0.397058823529412	0.367647058823529	0.246323529411765	0.224264705882353	0.205882352941176
690	300	0	0.356666666666667	0.316666666666667	0.21	0.193333333333333	0.163333333333333
691	289	0.204124145231932	0.442906574394464	0.394463667820069	0.249134948096886	0.228373702422145	0.211072664359862
692	261	0.0561862178478972	0.375478927203065	0.344827586206897	0.264367816091954	0.24904214559387	0.206896551724138
693	296	0.0480821295088695	0.398648648648649	0.341216216216216	0.253378378378378	0.22972972972973	0.192567567567568
694	295	0.160847174916311	0.440677966101695	0.396610169491525	0.257627118644068	0.227118644067797	0.189830508474576
695	322	0.11899908592931	0.409937888198758	0.375776397515528	0.22360248447205	0.198757763975155	0.183229813664596
696	288	0.0245655394636976	0.395833333333333	0.375	0.256944444444444	0.243055555555556	0.215277777777778
697	285	0.105409255338946	0.396491228070175	0.371929824561404	0.259649122807018	0.249122807017544	0.228070175438597
698	298	0.102062072615966	0.422818791946309	0.389261744966443	0.26510067114094	0.241610738255034	0.187919463087248
699	273	0.0669872981077806	0.384615384615385	0.36996336996337	0.238095238095238	0.21978021978022	0.175824175824176
700	295	0	0.4	0.376271186440678	0.227118644067797	0.213559322033898	0.186440677966102
701	293	0	0.385665529010239	0.354948805460751	0.252559726962457	0.235494880546075	0.191126279863481
702	317	0.0878319623460881	0.422712933753943	0.394321766561514	0.280757097791798	0.274447949526814	0.242902208201893
703	289	0	0.346020761245675	0.318339100346021	0.221453287197232	0.183391003460208	0.169550173010381
704	279	0.1	0.412186379928315	0.387096774193548	0.254480286738351	0.236559139784946	0.211469534050179
705	292	0.236358850796844	0.458904109589041	0.424657534246575	0.291095890410959	0.277397260273973	0.236301369863014
706	292	0	0.366438356164384	0.332191780821918	0.208904109589041	0.191780821917808	0.164383561643836
707	320	0.116005833118765	0.415625	0.39375	0.278125	0.2625	0.2375
708	291	0	0.391752577319588	0.374570446735395	0.230240549828179	0.206185567010309	0.164948453608247
709	299	0	0.367892976588629	0.341137123745819	0.244147157190635	0.234113712374582	0.197324414715719
710	314	0.108260183225029	0.404458598726115	0.372611464968153	0.25796178343949	0.245222929936306	0.21656050955414
711	295	0.0445435403187374	0.4	0.376271186440678	0.24406779661017	0.233898305084746	0.210169491525424
712	294	0.207471327954912	0.438775510204082	0.414965986394558	0.292517006802721	0.268707482993197	0.227891156462585
713	285	0	0.368421052631579	0.333333333333333	0.228070175438597	0.214035087719298	0.175438596491228
714	287	0.112701665379258	0.414634146341463	0.379790940766551	0.264808362369338	0.261324041811847	0.236933797909408
715	303	0.0704458597660337	0.386138613861386	0.343234323432343	0.237623762376238	0.231023102310231	0.191419141914191
716	288	0.106586591863538	0.395833333333333	0.385416666666667	0.267361111111111	0.246527777777778	0.21875
717	271	0.0833333333333333	0.413284132841328	0.402214022140221	0.269372693726937	0.250922509225092	0.232472324723247
718	295	0.155555555555556	0.416949152542373	0.369491525423729	0.261016949152542	0.23728813559322	0.206779661016949
719	301	0.0256583509747431	0.388704318936877	0.368770764119601	0.232558139534884	0.212624584717608	0.182724252491694
720	307	0	0.37785016286645	0.342019543973941	0.211726384364821	0.205211726384365	0.182410423452769
721	285	0.158248290463863	0.417543859649123	0.382456140350877	0.27719298245614	0.263157894736842	0.224561403508772
722	294	0.0452930810716363	0.387755102040816	0.343537414965986	0.217687074829932	0.204081632653061	0.163265306122449
723	288	0	0.354166666666667	0.333333333333333	0.204861111111111	0.194444444444444	0.177083333333333
724	292	0.129099444873581	0.417808219178082	0.393835616438356	0.280821917808219	0.273972602739726	0.23972602739726
725	305	0.224341649025257	0.445901639344262	0.40655737704918	0.272131147540984	0.265573770491803	0.219672131147541
726	280	0.114551652723982	0.392857142857143	0.367857142857143	0.239285714285714	0.221428571428571	0.182142857142857
727	300	0.0740497074403126	0.38	0.363333333333333	0.26	0.246666666666667	0.216666666666667
728	271	0	0.328413284132841	0.306273062730627	0.210332103321033	0.191881918819188	0.166051660516605
729	286	0	0.325174825174825	0.29020979020979	0.178321678321678	0.178321678321678	0.167832167832168
730	297	0	0.377104377104377	0.363636363636364	0.269360269360269	0.255892255892256	0.202020202020202
731	313	0.1	0.402555910543131	0.383386581469649	0.26517571884984	0.242811501597444	0.220447284345048
732	294	0.180049737433268	0.435374149659864	0.401360544217687	0.272108843537415	0.258503401360544	0.210884353741497
733	305	0.147014269891113	0.386885245901639	0.360655737704918	0.232786885245902	0.213114754098361	0.19344262295082
734	309	0.105409255338946	0.427184466019417	0.398058252427184	0.29126213592233	0.262135922330097	0.236245954692557
735	303	0	0.382838283828383	0.363036303630363	0.257425742574257	0.244224422442244	0.201320132013201
736	289	0.0833333333333333	0.387543252595156	0.359861591695502	0.26643598615917	0.256055363321799	0.228373702422145
737	315	0	0.333333333333333	0.311111111111111	0.215873015873016	0.193650793650794	0.180952380952381
738	311	0	0.372990353697749	0.337620578778135	0.221864951768489	0.192926045016077	0.170418006430868
739	276	0.185973349302364	0.416666666666667	0.376811594202899	0.235507246376812	0.22463768115942	0.177536231884058
740	304	0.101961528059417	0.411184210526316	0.388157894736842	0.263157894736842	0.230263157894737	0.194078947368421
741	289	0.0669872981077806	0.41522491349481	0.352941176470588	0.228373702422145	0.214532871972318	0.190311418685121
742	294	0.0413884165522664	0.353741496598639	0.319727891156463	0.210884353741497	0.200680272108844	0.173469387755102
743	308	0.0388810345023839	0.392857142857143	0.353896103896104	0.253246753246753	0.237012987012987	0.204545454545455
744	297	0.0445435403187374	0.387205387205387	0.356902356902357	0.262626262626263	0.252525252525253	0.225589225589226
745	295	0	0.355932203389831	0.328813559322034	0.247457627118644	0.23728813559322	0.210169491525424
746	299	0	0.40133779264214	0.367892976588629	0.247491638795987	0.240802675585284	0.207357859531773
747	269	0.204124145231932	0.438661710037175	0.408921933085502	0.282527881040892	0.267657992565056	0.223048327137546
748	308	0.0740356584673683	0.38961038961039	0.353896103896104	0.246753246753247	0.24025974025974	0.204545454545455
749	316	0	0.39873417721519	0.373417721518987	0.240506329113924	0.218354430379747	0.189873417721519
750	282	0.0135186861288074	0.425531914893617	0.393617021276596	0.230496453900709	0.212765957446809	0.173758865248227
751	288	0	0.378472222222222	0.364583333333333	0.256944444444444	0.236111111111111	0.190972222222222
752	299	0.204124145231932	0.444816053511706	0.391304347826087	0.277591973244147	0.260869565217391	0.22742474916388
753	291	0	0.381443298969072	0.34020618556701	0.240549828178694	0.219931271477663	0.189003436426117
754	305	0.190217391304348	0.426229508196721	0.39016393442623	0.265573770491803	0.242622950819672	0.20327868852459
755	296	0.113948023493246	0.412162162162162	0.39527027027027	0.263513513513514	0.25	0.212837837837838
756	302	0	0.397350993377483	0.380794701986755	0.251655629139073	0.241721854304636	0.208609271523179
757	292	0	0.376712328767123	0.35958904109589	0.222602739726027	0.202054794520548	0.178082191780822
758	282	0.151741648755343	0.439716312056738	0.418439716312057	0.304964539007092	0.276595744680851	0.24822695035461
759	292	0.19150635094611	0.434931506849315	0.39041095890411	0.294520547945206	0.284246575342466	0.246575342465753
760	297	0.0445435403187374	0.393939393939394	0.346801346801347	0.208754208754209	0.198653198653199	0.171717171717172
761	283	0	0.367491166077739	0.339222614840989	0.215547703180212	0.204946996466431	0.176678445229682
762	317	0.0445435403187374	0.397476340694006	0.359621451104101	0.239747634069401	0.230283911671924	0.205047318611987
763	315	0.151419517562459	0.403174603174603	0.361904761904762	0.26984126984127	0.250793650793651	0.215873015873016
764	272	0	0.386029411764706	0.349264705882353	0.253676470588235	0.238970588235294	0.220588235294118
765	295	0.133630620956212	0.416949152542373	0.389830508474576	0.250847457627119	0.227118644067797	0.203389830508475
766	307	0.0669872981077806	0.39413680781759	0.364820846905537	0.273615635179153	0.257328990228013	0.237785016286645
767	304	0.204124145231932	0.434210526315789	0.391447368421053	0.296052631578947	0.279605263157895	0.230263157894737
768	321	0.111187397499165	0.411214953271028	0.389408099688474	0.277258566978193	0.258566978193146	0.230529595015576
769	286	0	0.402097902097902	0.384615384615385	0.262237762237762	0.248251748251748	0.213286713286713
770	300	0	0.396666666666667	0.363333333333333	0.223333333333333	0.206666666666667	0.183333333333333
771	283	0.129099444873581	0.420494699646643	0.3886925795053	0.261484098939929	0.254416961130742	0.215547703180212
772	289	0	0.391003460207612	0.359861591695502	0.235294117647059	0.221453287197232	0.197231833910035
773	303	0.0677444546511212	0.396039603960396	0.376237623762376	0.257425742574257	0.247524752475248	0.221122112211221
774	303	0.0926561645826376	0.386138613861386	0.35973597359736	0.247524752475248	0.231023102310231	0.207920792079208
775	307	0.131881307912987	0.416938110749186	0.400651465798046	0.276872964169381	0.244299674267101	0.205211726384365
776	297	0.0833333333333333	0.387205387205387	0.363636363636364	0.228956228956229	0.218855218855219	0.191919191919192
777	316	0.0834936490538903	0.405063291139241	0.389240506329114	0.278481012658228	0.275316455696203	0.231012658227848
778	294	0.115724949428648	0.401360544217687	0.374149659863946	0.26530612244898	0.248299319727891	0.200680272108844
779	277	0.111187397499165	0.40072202166065	0.368231046931408	0.220216606498195	0.205776173285199	0.176895306859206
780	285	0	0.392982456140351	0.357894736842105	0.224561403508772	0.217543859649123	0.189473684210526
781	307	0	0.361563517915309	0.319218241042345	0.192182410423453	0.182410423452769	0.162866449511401
782	282	0.121513652836908	0.397163120567376	0.375886524822695	0.24468085106383	0.219858156028369	0.180851063829787
783	290	0.123166143167735	0.410344827586207	0.389655172413793	0.275862068965517	0.248275862068966	0.213793103448276
784	293	0.112701665379258	0.402730375426621	0.36518771331058	0.26962457337884	0.25938566552901	0.204778156996587
785	287	0.204124145231932	0.442508710801394	0.397212543554007	0.250871080139373	0.222996515679443	0.18815331010453
786	288	0	0.430555555555556	0.395833333333333	0.239583333333333	0.225694444444444	0.211805555555556
787	299	0.0669872981077806	0.404682274247492	0.367892976588629	0.25752508361204	0.230769230769231	0.207357859531773
788	325	0.0669872981077806	0.403076923076923	0.381538461538462	0.255384615384615	0.246153846153846	0.221538461538462
789	304	0.111812908137406	0.407894736842105	0.381578947368421	0.246710526315789	0.233552631578947	0.200657894736842
790	324	0.142618131002388	0.41358024691358	0.385802469135802	0.225308641975309	0.203703703703704	0.182098765432099
791	299	0.222717701593687	0.464882943143813	0.42809364548495	0.31438127090301	0.297658862876254	0.267558528428094
792	287	0	0.383275261324042	0.365853658536585	0.257839721254355	0.236933797909408	0.212543554006969
793	283	0.105409255338946	0.402826855123675	0.374558303886926	0.243816254416961	0.222614840989399	0.190812720848057
794	298	0	0.37248322147651	0.332214765100671	0.228187919463087	0.211409395973154	0.181208053691275
795	315	0.105409255338946	0.406349206349206	0.380952380952381	0.285714285714286	0.263492063492064	0.234920634920635
796	317	0	0.38801261829653	0.362776025236593	0.227129337539432	0.214511041009464	0.16403785488959
797	286	0.15439791807716	0.43006993006993	0.395104895104895	0.286713286713287	0.272727272727273	0.216783216783217
798	285	0	0.357894736842105	0.333333333333333	0.235087719298246	0.224561403508772	0.192982456140351
799	288	0.191886116991581	0.434027777777778	0.395833333333333	0.28125	0.267361111111111	0.236111111111111
800	303	0	0.399339933993399	0.366336633663366	0.264026402640264	0.244224422442244	0.207920792079208
801	307	0	0.364820846905537	0.348534201954397	0.228013029315961	0.214983713355049	0.192182410423453
802	292	0.138408942900986	0.421232876712329	0.386986301369863	0.25	0.232876712328767	0.205479452054795
803	294	0.0491919412455211	0.425170068027211	0.391156462585034	0.302721088435374	0.285714285714286	0.258503401360544
804	321	0.05	0.411214953271028	0.38006230529595	0.258566978193146	0.236760124610592	0.193146417445483
805	308	0.0615867579778389	0.399350649350649	0.363636363636364	0.25	0.237012987012987	0.204545454545455
806	271	0	0.3690036900369	0.350553505535055	0.239852398523985	0.22140221402214	0.195571955719557
807	291	0.160847174916311	0.415807560137457	0.384879725085911	0.230240549828179	0.219931271477663	0.185567010309278
808	271	0.0413289471330376	0.391143911439114	0.357933579335793	0.250922509225092	0.247232472324723	0.210332103321033
809	313	0.120900555126419	0.4185303514377	0.383386581469649	0.261980830670927	0.246006389776358	0.217252396166134
810	297	0	0.377104377104377	0.34006734006734	0.239057239057239	0.228956228956229	0.205387205387205
811	297	0.183012701892219	0.434343434343434	0.407407407407407	0.272727272727273	0.255892255892256	0.242424242424242
812	279	0.204124145231932	0.451612903225806	0.43010752688172	0.279569892473118	0.272401433691756	0.232974910394265
813	299	0.130892578601184	0.418060200668896	0.394648829431438	0.280936454849498	0.264214046822743	0.244147157190635
814	296	0.0938004407086812	0.388513513513514	0.368243243243243	0.243243243243243	0.216216216216216	0.179054054054054
815	301	0.0669872981077806	0.39202657807309	0.362126245847176	0.239202657807309	0.209302325581395	0.166112956810631
816	307	0	0.345276872964169	0.328990228013029	0.208469055374593	0.201954397394137	0.166123778501629
817	267	0.133630620956212	0.430711610486891	0.404494382022472	0.239700374531835	0.213483146067416	0.191011235955056
818	314	0	0.328025477707006	0.296178343949045	0.162420382165605	0.156050955414013	0.146496815286624
819	319	0.0669872981077806	0.404388714733542	0.394984326018809	0.25705329153605	0.244514106583072	0.22257053291536
820	289	0.0924500327042049	0.394463667820069	0.363321799307959	0.26643598615917	0.256055363321799	0.214532871972318
821	288	0	0.392361111111111	0.371527777777778	0.25	0.236111111111111	0.197916666666667
822	287	0.0370624658330551	0.393728222996516	0.365853658536585	0.257839721254355	0.229965156794425	0.18815331010453
823	308	0	0.383116883116883	0.350649350649351	0.230519480519481	0.214285714285714	0.188311688311688
824	286	0.180792065231824	0.402097902097902	0.356643356643357	0.237762237762238	0.227272727272727	0.181818181818182
825	298	0.00876671513291336	0.379194630872483	0.352348993288591	0.211409395973154	0.197986577181208	0.184563758389262
826	300	0.0669872981077806	0.423333333333333	0.373333333333333	0.27	0.24	0.21
827	286	0.0648667369730972	0.412587412587413	0.388111888111888	0.286713286713287	0.269230769230769	0.230769230769231
828	308	0.205797736593422	0.428571428571429	0.386363636363636	0.272727272727273	0.25974025974026	0.207792207792208
829	306	0.0669013042929434	0.38562091503268	0.366013071895425	0.254901960784314	0.238562091503268	0.205882352941176
830	291	0.137298334620742	0.402061855670103	0.360824742268041	0.254295532646048	0.240549828178694	0.202749140893471
831	295	0.0455789276752126	0.393220338983051	0.366101694915254	0.223728813559322	0.206779661016949	0.179661016949153
832	289	0.0669872981077806	0.41522491349481	0.377162629757785	0.256055363321799	0.224913494809689	0.193771626297578
833	294	0.0848766329880005	0.384353741496599	0.357142857142857	0.258503401360544	0.241496598639456	0.217687074829932
834	302	0.154589498788106	0.390728476821192	0.350993377483444	0.241721854304636	0.228476821192053	0.195364238410596
835	306	0.0617971250384501	0.392156862745098	0.366013071895425	0.241830065359477	0.23202614379085	0.199346405228758
836	281	0	0.391459074733096	0.366548042704626	0.231316725978648	0.220640569395018	0.185053380782918
837	312	0.192656164582638	0.432692307692308	0.407051282051282	0.298076923076923	0.288461538461538	0.237179487179487
838	303	0.0561862178478972	0.412541254125413	0.382838283828383	0.250825082508251	0.234323432343234	0.207920792079208
839	299	0.0549531268652221	0.397993311036789	0.377926421404682	0.247491638795987	0.220735785953177	0.193979933110368
840	306	0.132591104180767	0.398692810457516	0.382352941176471	0.248366013071895	0.225490196078431	0.202614379084967
841	308	0	0.373376623376623	0.36038961038961	0.25	0.246753246753247	0.211038961038961
842	319	0	0.363636363636364	0.335423197492163	0.22257053291536	0.191222570532915	0.169278996865204
843	313	0.0561862178478972	0.424920127795527	0.383386581469649	0.249201277955272	0.230031948881789	0.185303514376997
844	286	0.166542658265352	0.416083916083916	0.391608391608392	0.283216783216783	0.265734265734266	0.244755244755245
845	291	0.0256583509747431	0.412371134020619	0.378006872852234	0.25085910652921	0.243986254295533	0.223367697594502
846	291	0.105409255338946	0.402061855670103	0.388316151202749	0.247422680412371	0.22680412371134	0.209621993127148
847	290	0.100540356247132	0.386206896551724	0.358620689655172	0.244827586206897	0.210344827586207	0.175862068965517
848	277	0.137298334620742	0.425992779783394	0.40072202166065	0.267148014440433	0.23826714801444	0.212996389891697
849	291	0	0.378006872852234	0.34020618556701	0.209621993127148	0.185567010309278	0.164948453608247
850	297	0.105409255338946	0.390572390572391	0.356902356902357	0.262626262626263	0.249158249158249	0.215488215488215
851	321	0.133630620956212	0.386292834890966	0.355140186915888	0.242990654205607	0.218068535825545	0.186915887850467
852	295	0.0669872981077806	0.4	0.36271186440678	0.261016949152542	0.247457627118644	0.216949152542373
853	314	0.120855049494472	0.423566878980892	0.385350318471338	0.280254777070064	0.261146496815287	0.229299363057325
854	296	0.2	0.449324324324324	0.405405405405405	0.236486486486487	0.219594594594595	0.182432432432432
855	284	0	0.355633802816901	0.334507042253521	0.193661971830986	0.176056338028169	0.140845070422535
856	285	0.166666666666667	0.452631578947368	0.421052631578947	0.266666666666667	0.259649122807018	0.228070175438597
857	295	0.258198889747161	0.464406779661017	0.427118644067797	0.271186440677966	0.250847457627119	0.216949152542373
858	297	0.116784935875381	0.393939393939394	0.36026936026936	0.242424242424242	0.228956228956229	0.198653198653199
859	285	0	0.36140350877193	0.329824561403509	0.235087719298246	0.217543859649123	0.192982456140351
860	291	0.129099444873581	0.43298969072165	0.402061855670103	0.261168384879725	0.240549828178694	0.213058419243986
861	303	0.0555555555555555	0.386138613861386	0.333333333333333	0.204620462046205	0.191419141914191	0.168316831683168
862	307	0	0.371335504885993	0.345276872964169	0.224755700325733	0.205211726384365	0.172638436482085
863	294	0	0.394557823129252	0.380952380952381	0.258503401360544	0.241496598639456	0.193877551020408
864	290	0	0.413793103448276	0.389655172413793	0.26551724137931	0.244827586206897	0.220689655172414
865	292	0.2	0.438356164383562	0.400684931506849	0.27054794520548	0.25	0.212328767123288
866	287	0	0.355400696864112	0.344947735191638	0.209059233449477	0.195121951219512	0.167247386759582
867	279	0.0669872981077806	0.405017921146953	0.376344086021505	0.28673835125448	0.261648745519713	0.232974910394265
868	307	0.131881307912987	0.436482084690554	0.403908794788274	0.276872964169381	0.263843648208469	0.211726384364821
869	292	0.192391304347826	0.424657534246575	0.39041095890411	0.243150684931507	0.229452054794521	0.184931506849315
870	301	0.0718258387250504	0.395348837209302	0.375415282392027	0.239202657807309	0.219269102990033	0.182724252491694
871	296	0.108260183225029	0.425675675675676	0.391891891891892	0.287162162162162	0.263513513513514	0.239864864864865
872	301	0.114309977738326	0.415282392026578	0.378737541528239	0.285714285714286	0.26578073089701	0.245847176079734
873	294	0.0121523712270062	0.374149659863946	0.343537414965986	0.224489795918367	0.210884353741497	0.17687074829932
874	262	0.180593431583584	0.389312977099237	0.362595419847328	0.274809160305344	0.248091603053435	0.221374045801527
875	277	0.052704627669473	0.379061371841155	0.350180505415162	0.223826714801444	0.209386281588448	0.180505415162455
876	310	0.0428571428571428	0.419354838709677	0.393548387096774	0.258064516129032	0.241935483870968	0.196774193548387
877	301	0.147441956154897	0.40531561461794	0.39202657807309	0.282392026578073	0.26578073089701	0.229235880398671
878	324	0.144935706374128	0.41358024691358	0.385802469135802	0.246913580246914	0.231481481481482	0.194444444444444
879	274	0.104124145231932	0.456204379562044	0.401459854014599	0.299270072992701	0.288321167883212	0.255474452554745
880	277	0.0213799072907321	0.393501805054152	0.36101083032491	0.249097472924188	0.234657039711191	0.191335740072202
881	292	0.102704627669473	0.38013698630137	0.35958904109589	0.267123287671233	0.246575342465753	0.226027397260274
882	300	0.128190312139144	0.406666666666667	0.366666666666667	0.216666666666667	0.206666666666667	0.183333333333333
883	300	0	0.376666666666667	0.34	0.21	0.203333333333333	0.18
884	298	0.120210246636999	0.409395973154362	0.37248322147651	0.258389261744966	0.241610738255034	0.208053691275168
885	285	0	0.36140350877193	0.333333333333333	0.228070175438597	0.214035087719298	0.178947368421053
886	292	0.183012701892219	0.424657534246575	0.386986301369863	0.284246575342466	0.267123287671233	0.222602739726027
887	295	0.0833333333333333	0.413559322033898	0.389830508474576	0.271186440677966	0.254237288135593	0.230508474576271
888	278	0	0.356115107913669	0.338129496402878	0.201438848920863	0.183453237410072	0.158273381294964
889	280	0.05013423197551	0.421428571428571	0.407142857142857	0.285714285714286	0.267857142857143	0.228571428571429
890	305	0	0.380327868852459	0.357377049180328	0.236065573770492	0.216393442622951	0.19344262295082
891	290	0.205409255338946	0.437931034482759	0.379310344827586	0.272413793103448	0.251724137931035	0.217241379310345
892	295	0	0.383050847457627	0.345762711864407	0.24406779661017	0.233898305084746	0.2
893	289	0.150743099610056	0.418685121107266	0.384083044982699	0.256055363321799	0.249134948096886	0.200692041522491
894	295	0.137298334620742	0.416949152542373	0.393220338983051	0.261016949152542	0.247457627118644	0.216949152542373
895	286	0.0492902412187707	0.426573426573427	0.395104895104895	0.262237762237762	0.251748251748252	0.223776223776224
896	314	0.0893752630952815	0.410828025477707	0.388535031847134	0.273885350318471	0.24203821656051	0.21656050955414
897	287	0.17817416127495	0.445993031358885	0.418118466898955	0.275261324041812	0.257839721254355	0.219512195121951
898	303	0.125488093735077	0.389438943894389	0.346534653465347	0.217821782178218	0.204620462046205	0.181518151815182
899	285	0.183012701892219	0.435087719298246	0.414035087719298	0.27719298245614	0.256140350877193	0.228070175438597
900	278	0	0.356115107913669	0.334532374100719	0.248201438848921	0.241007194244604	0.194244604316547
901	281	0	0.384341637010676	0.359430604982206	0.252669039145908	0.234875444839858	0.199288256227758
902	316	0.180792065231824	0.433544303797468	0.408227848101266	0.275316455696203	0.265822784810127	0.234177215189873
903	301	0.111812908137406	0.408637873754153	0.362126245847176	0.259136212624585	0.239202657807309	0.205980066445183
904	294	0	0.357142857142857	0.343537414965986	0.180272108843537	0.170068027210884	0.153061224489796
905	303	0	0.37953795379538	0.356435643564356	0.231023102310231	0.217821782178218	0.184818481848185
906	301	0	0.375415282392027	0.348837209302326	0.26578073089701	0.249169435215947	0.199335548172757
907	310	0.131674625685952	0.419354838709677	0.383870967741935	0.258064516129032	0.245161290322581	0.225806451612903
908	288	0.0612714268316681	0.392361111111111	0.361111111111111	0.243055555555556	0.225694444444444	0.184027777777778
909	290	0.224481836959946	0.420689655172414	0.393103448275862	0.262068965517241	0.241379310344828	0.210344827586207
910	312	0.136135885079684	0.41025641025641	0.378205128205128	0.25	0.240384615384615	0.211538461538462
911	293	0	0.389078498293515	0.372013651877133	0.283276450511945	0.262798634812287	0.242320819112628
912	307	0	0.37785016286645	0.351791530944625	0.218241042345277	0.205211726384365	0.175895765472313
913	288	0.0862102069854041	0.378472222222222	0.350694444444444	0.267361111111111	0.243055555555556	0.208333333333333
914	296	0	0.398648648648649	0.351351351351351	0.243243243243243	0.222972972972973	0.185810810810811
915	302	0.0442493754257496	0.347682119205298	0.321192052980132	0.208609271523179	0.195364238410596	0.178807947019868
916	275	0	0.385454545454545	0.338181818181818	0.232727272727273	0.214545454545455	0.189090909090909
917	302	0.180792065231824	0.437086092715232	0.403973509933775	0.281456953642384	0.264900662251656	0.235099337748344
918	302	0.0990327099607918	0.423841059602649	0.403973509933775	0.288079470198676	0.254966887417219	0.211920529801325
919	296	0	0.398648648648649	0.361486486486487	0.27027027027027	0.263513513513514	0.243243243243243
920	298	0	0.406040268456376	0.389261744966443	0.23489932885906	0.221476510067114	0.204697986577181
921	299	0.133630620956212	0.424749163879599	0.40133779264214	0.267558528428094	0.247491638795987	0.22742474916388
922	293	0.205971460217775	0.42320819112628	0.389078498293515	0.25938566552901	0.238907849829352	0.191126279863481
923	301	0.0445435403187374	0.395348837209302	0.365448504983389	0.232558139534884	0.219269102990033	0.20265780730897
924	313	0.0325265386741911	0.396166134185304	0.364217252396166	0.271565495207668	0.258785942492013	0.220447284345048
925	296	0	0.334459459459459	0.297297297297297	0.199324324324324	0.185810810810811	0.138513513513514
926	301	0.25	0.461794019933555	0.428571428571429	0.282392026578073	0.255813953488372	0.242524916943522
927	305	0.105409255338946	0.383606557377049	0.367213114754098	0.272131147540984	0.262295081967213	0.239344262295082
928	302	0.204124145231932	0.43046357615894	0.403973509933775	0.294701986754967	0.264900662251656	0.231788079470199
929	307	0.183012701892219	0.446254071661238	0.403908794788274	0.247557003257329	0.228013029315961	0.211726384364821
930	277	0	0.389891696750903	0.364620938628159	0.256317689530686	0.23826714801444	0.1985559566787
931	281	0.0669872981077806	0.380782918149466	0.370106761565836	0.266903914590747	0.259786476868327	0.231316725978648
932	295	0	0.386440677966102	0.349152542372881	0.254237288135593	0.247457627118644	0.227118644067797
933	282	0.110774738788893	0.397163120567376	0.372340425531915	0.24822695035461	0.230496453900709	0.195035460992908
934	304	0.0644869709276258	0.388157894736842	0.365131578947368	0.240131578947368	0.226973684210526	0.180921052631579
935	288	0	0.385416666666667	0.357638888888889	0.277777777777778	0.256944444444444	0.229166666666667
936	278	0.211098225632355	0.460431654676259	0.442446043165468	0.280575539568345	0.266187050359712	0.237410071942446
937	302	0.204124145231932	0.420529801324503	0.394039735099338	0.258278145695364	0.254966887417219	0.225165562913907
938	294	0	0.397959183673469	0.380952380952381	0.272108843537415	0.248299319727891	0.22108843537415
939	301	0.0445435403187374	0.375415282392027	0.348837209302326	0.229235880398671	0.225913621262459	0.18936877076412
940	310	0.0165063509461097	0.383870967741935	0.354838709677419	0.209677419354839	0.190322580645161	0.174193548387097
941	305	0	0.370491803278689	0.334426229508197	0.236065573770492	0.213114754098361	0.180327868852459
942	299	0.118216560935865	0.40133779264214	0.384615384615385	0.28428093645485	0.264214046822743	0.22742474916388
943	299	0	0.367892976588629	0.337792642140468	0.217391304347826	0.207357859531773	0.187290969899666
944	291	0.102062072615966	0.388316151202749	0.360824742268041	0.25085910652921	0.22680412371134	0.189003436426117
945	300	0	0.363333333333333	0.333333333333333	0.23	0.226666666666667	0.186666666666667
946	290	0.0916666666666667	0.379310344827586	0.348275862068966	0.237931034482759	0.227586206896552	0.203448275862069
947	307	0.198436969401734	0.42671009771987	0.387622149837134	0.254071661237785	0.234527687296417	0.208469055374593
948	295	0	0.403389830508475	0.36271186440678	0.24406779661017	0.223728813559322	0.186440677966102
949	282	0.180168771648008	0.446808510638298	0.418439716312057	0.294326241134752	0.262411347517731	0.219858156028369
950	295	0	0.352542372881356	0.315254237288136	0.240677966101695	0.223728813559322	0.176271186440678
951	319	0	0.369905956112853	0.347962382445141	0.244514106583072	0.225705329153605	0.200626959247649
952	300	0.0727767515473408	0.43	0.393333333333333	0.243333333333333	0.226666666666667	0.203333333333333
953	290	0	0.375862068965517	0.362068965517241	0.248275862068966	0.23448275862069	0.206896551724138
954	294	0.117254350106263	0.41156462585034	0.377551020408163	0.27891156462585	0.258503401360544	0.227891156462585
955	278	0.17186464735961	0.435251798561151	0.420863309352518	0.284172661870504	0.269784172661871	0.237410071942446
956	286	0.165640219740633	0.409090909090909	0.377622377622378	0.230769230769231	0.223776223776224	0.195804195804196
957	278	0	0.341726618705036	0.31294964028777	0.23021582733813	0.223021582733813	0.190647482014389
958	295	0.105409255338946	0.406779661016949	0.386440677966102	0.288135593220339	0.267796610169492	0.240677966101695
959	297	0.204124145231932	0.424242424242424	0.387205387205387	0.259259259259259	0.242424242424242	0.188552188552189
960	298	0	0.389261744966443	0.369127516778524	0.24496644295302	0.23489932885906	0.194630872483221
961	282	0	0.365248226950355	0.329787234042553	0.230496453900709	0.223404255319149	0.191489361702128
962	303	0.105409255338946	0.396039603960396	0.36963696369637	0.250825082508251	0.237623762376238	0.217821782178218
963	290	0.075160315720557	0.410344827586207	0.379310344827586	0.244827586206897	0.224137931034483	0.189655172413793
964	291	0	0.34020618556701	0.312714776632302	0.230240549828179	0.216494845360825	0.192439862542955
965	285	0.115384615384615	0.414035087719298	0.371929824561404	0.231578947368421	0.217543859649123	0.189473684210526
966	326	0	0.343558282208589	0.319018404907975	0.202453987730061	0.190184049079755	0.162576687116564
967	279	0	0.354838709677419	0.311827956989247	0.189964157706093	0.17921146953405	0.154121863799283
968	299	0.1	0.408026755852843	0.381270903010033	0.250836120401338	0.234113712374582	0.214046822742475
969	287	0.0669872981077806	0.400696864111498	0.341463414634146	0.236933797909408	0.21602787456446	0.177700348432056
970	303	0	0.382838283828383	0.35973597359736	0.247524752475248	0.231023102310231	0.184818481848185
971	310	0.00985138007798876	0.387096774193548	0.370967741935484	0.241935483870968	0.229032258064516	0.203225806451613
972	278	0.147937927384034	0.41726618705036	0.381294964028777	0.258992805755396	0.244604316546763	0.226618705035971
973	271	0.142857142857143	0.435424354243542	0.40590405904059	0.261992619926199	0.243542435424354	0.202952029520295
974	296	0	0.347972972972973	0.331081081081081	0.239864864864865	0.212837837837838	0.185810810810811
975	297	0.133630620956212	0.441077441077441	0.414141414141414	0.279461279461279	0.265993265993266	0.222222222222222
976	272	0.153832695655761	0.411764705882353	0.378676470588235	0.227941176470588	0.198529411764706	0.172794117647059
977	294	0.0147365844678927	0.377551020408163	0.340136054421769	0.224489795918367	0.224489795918367	0.197278911564626
978	290	0	0.358620689655172	0.33448275862069	0.2	0.179310344827586	0.148275862068966
979	291	0.214285714285714	0.457044673539519	0.419243986254296	0.281786941580756	0.264604810996564	0.213058419243986
980	290	0.183012701892219	0.43448275862069	0.406896551724138	0.286206896551724	0.279310344827586	0.237931034482759
981	303	0.125488093735077	0.405940594059406	0.376237623762376	0.231023102310231	0.217821782178218	0.188118811881188
982	294	0	0.374149659863946	0.357142857142857	0.238095238095238	0.227891156462585	0.200680272108844
983	293	0.0022624895547565	0.409556313993174	0.378839590443686	0.26962457337884	0.249146757679181	0.221843003412969
984	280	0.205409255338946	0.414285714285714	0.392857142857143	0.271428571428571	0.25	0.2
985	321	0.0890870806374748	0.398753894080997	0.367601246105919	0.252336448598131	0.236760124610592	0.205607476635514
986	297	0.0669872981077806	0.373737373737374	0.346801346801347	0.218855218855219	0.202020202020202	0.154882154882155
987	295	0	0.36271186440678	0.342372881355932	0.230508474576271	0.213559322033898	0.183050847457627
988	297	0	0.393939393939394	0.36026936026936	0.259259259259259	0.242424242424242	0.215488215488215
989	327	0.129099444873581	0.406727828746177	0.36697247706422	0.250764525993884	0.241590214067278	0.217125382262997
990	284	0.0620665995490222	0.422535211267606	0.373239436619718	0.235915492957746	0.22887323943662	0.197183098591549
991	283	0.204124145231932	0.445229681978799	0.406360424028269	0.257950530035336	0.240282685512367	0.212014134275618
992	276	0.139466576881433	0.420289855072464	0.394927536231884	0.257246376811594	0.231884057971015	0.195652173913043
993	280	0.0030931089239486	0.382142857142857	0.339285714285714	0.25	0.232142857142857	0.207142857142857
994	295	0.210818510677892	0.471186440677966	0.457627118644068	0.335593220338983	0.31864406779661	0.267796610169492
995	295	0.0458758547680685	0.396610169491525	0.376271186440678	0.261016949152542	0.250847457627119	0.210169491525424
996	279	0.118604890387243	0.405017921146953	0.376344086021505	0.222222222222222	0.211469534050179	0.172043010752688
997	312	0	0.365384615384615	0.323717948717949	0.221153846153846	0.201923076923077	0.163461538461538
998	290	0.0642943978964779	0.4	0.368965517241379	0.244827586206897	0.23448275862069	0.203448275862069
999	308	0	0.350649350649351	0.321428571428571	0.214285714285714	0.214285714285714	0.201298701298701
1000	301	0	0.375415282392027	0.348837209302326	0.232558139534884	0.215946843853821	0.192691029900332
